0,7998,262.959260782
1,7998,262.959260782
2,7999,262.959260782
3,7999,262.959260782
4,7999,262.959260782
5,8000,262.959260782
5,8001,262.959260782
5,8002,262.959260782
6,8003,262.959260782
7,8004,262.959260782
8,8005,262.959260782
9,8006,262.959260782
10,8006,262.959260782
11,8006,262.959260782
12,8006,262.959260782
13,8006,262.959260782
14,8006,262.959260782
15,8006,262.959260782
16,8006,262.959260782
17,8006,262.959260782
18,8007,262.959260782
19,8008,262.959260782
20,8008,262.959260782
21,8009,262.959260782
22,8010,262.959260782
22,8011,262.959260782
23,8012,262.959260782
24,8013,262.959260782
25,8014,262.959260782
26,8014,262.959260782
27,8014,262.959260782
28,8014,262.959260782
29,8014,262.959260782
30,8014,262.959260782
31,8014,262.959260782
32,8014,262.959260782
33,8014,262.959260782
34,8014,262.959260782
35,8014,262.959260782
36,8014,262.959260782
37,8014,262.959260782
38,8014,262.959260782
39,8014,262.959260782
40,8014,262.959260782
41,8014,262.959260782
42,8014,262.959260782
43,8015,262.959260782
44,8015,262.959260782
45,8016,262.959260782
46,8017,262.959260782
46,8018,262.959260782
47,8019,262.959260782
47,8020,262.959260782
48,8021,262.959260782
49,8021,262.959260782
50,8022,262.959260782
51,8023,262.959260782
52,8024,262.959260782
53,8025,262.959260782
54,8025,262.959260782
55,8026,262.959260782
56,8027,262.959260782
57,8028,262.959260782
58,8028,262.959260782
59,8029,262.959260782
60,8030,262.959260782
61,8031,262.959260782
62,8031,262.959260782
63,8031,262.959260782
64,8032,262.959260782
65,8032,262.959260782
66,8033,262.959260782
67,8034,262.959260782
68,8035,262.959260782
69,8036,262.959260782
70,8037,262.959260782
71,8038,262.959260782
72,8039,262.959260782
73,8040,262.959260782
74,8041,262.959260782
75,8042,262.959260782
76,8042,262.959260782
77,8043,262.959260782
78,8044,262.959260782
79,8045,262.959260782
80,8046,262.959260782
80,8047,262.959260782
81,8048,262.959260782
82,8049,262.959260782
82,8050,262.959260782
83,8051,262.959260782
83,8052,262.959260782
84,8053,262.959260782
84,8054,262.959260782
85,8055,262.959260782
86,8056,262.959260782
87,8057,262.959260782
88,8058,262.959260782
89,8059,262.959260782
90,8060,262.959260782
90,8061,262.959260782
91,8062,262.959260782
92,8063,262.959260782
93,8064,262.959260782
94,8065,262.959260782
95,8066,262.959260782
96,8067,262.959260782
97,8068,262.959260782
98,8069,262.959260782
99,8070,262.959260782
100,8071,262.959260782
101,8072,262.959260782
102,8073,262.959260782
103,8074,262.959260782
104,8075,262.959260782
104,8076,262.959260782
105,8077,262.959260782
106,8078,262.959260782
107,8079,262.959260782
108,8080,262.959260782
109,8081,262.959260782
109,8082,262.959260782
110,8083,262.959260782
111,8084,262.959260782
112,8085,262.959260782
113,8086,262.959260782
114,8087,262.959260782
114,8088,262.959260782
115,8089,262.959260782
116,8090,262.959260782
117,8091,262.959260782
117,8092,262.959260782
118,8093,262.959260782
119,8093,262.959260782
120,8094,262.959260782
121,8095,262.959260782
122,8096,262.959260782
123,8097,262.959260782
124,8098,262.959260782
125,8098,262.959260782
126,8099,262.959260782
127,8100,262.959260782
128,8100,262.959260782
129,8101,262.959260782
129,8102,262.959260782
130,8103,262.959260782
131,8104,262.959260782
132,8105,262.959260782
132,8106,262.959260782
133,8107,262.959260782
134,8108,262.959260782
134,8109,262.959260782
135,8110,262.959260782
136,8111,262.959260782
137,8112,262.959260782
138,8113,262.959260782
139,8114,262.959260782
140,8114,262.959260782
141,8115,262.959260782
142,8116,262.959260782
143,8117,262.959260782
144,8118,262.959260782
145,8119,262.959260782
146,8120,262.959260782
147,8121,262.959260782
148,8121,262.959260782
149,8122,262.959260782
150,8123,262.959260782
151,8124,262.959260782
151,8125,262.959260782
152,8126,262.959260782
153,8127,262.959260782
153,8128,262.959260782
154,8129,262.959260782
155,8130,262.959260782
156,8131,262.959260782
156,8132,262.959260782
157,8133,262.959260782
158,8134,262.959260782
159,8134,262.959260782
160,8134,262.959260782
161,8135,262.959260782
161,8136,262.959260782
162,8137,262.959260782
162,8138,262.959260782
163,8139,262.959260782
164,8139,262.959260782
165,8140,262.959260782
166,8141,262.959260782
167,8142,262.959260782
168,8143,262.959260782
169,8144,262.959260782
170,8145,262.959260782
171,8146,262.959260782
171,8147,262.959260782
172,8148,262.959260782
172,8149,262.959260782
173,8150,262.959260782
174,8151,262.959260782
175,8152,262.959260782
176,8153,262.959260782
177,8154,262.959260782
178,8155,262.959260782
179,8156,262.959260782
180,8157,262.959260782
181,8157,262.959260782
182,8158,262.959260782
183,8159,262.959260782
184,8159,262.959260782
185,8160,262.959260782
186,8161,262.959260782
187,8161,262.959260782
188,8161,262.959260782
189,8162,262.959260782
190,8163,262.959260782
191,8164,262.959260782
192,8165,262.959260782
193,8166,262.959260782
194,8167,262.959260782
195,8168,262.959260782
196,8169,262.959260782
196,8170,262.959260782
197,8171,262.959260782
197,8172,262.959260782
198,8173,262.959260782
198,8174,262.959260782
198,8175,262.959260782
198,8176,262.959260782
199,8177,262.959260782
200,8178,262.959260782
200,8179,262.959260782
201,8180,262.959260782
202,8180,262.959260782
203,8181,262.959260782
204,8182,262.959260782
205,8183,262.959260782
206,8184,262.959260782
207,8185,262.959260782
208,8186,262.959260782
209,8187,262.959260782
210,8188,262.959260782
211,8189,262.959260782
212,8190,262.959260782
213,8190,262.959260782
214,8191,262.959260782
215,8192,262.959260782
216,8192,262.959260782
217,8193,262.959260782
218,8194,262.959260782
219,8195,262.959260782
220,8196,262.959260782
221,8197,262.959260782
222,8198,262.959260782
223,8199,262.959260782
224,8199,262.959260782
225,8199,262.959260782
226,8200,262.959260782
227,8201,262.959260782
228,8201,262.959260782
229,8202,262.959260782
230,8203,262.959260782
231,8204,262.959260782
232,8205,262.959260782
233,8206,262.959260782
234,8207,262.959260782
235,8208,262.959260782
235,8209,262.959260782
236,8210,262.959260782
237,8211,262.959260782
238,8212,262.959260782
239,8213,262.959260782
240,8214,262.959260782
240,8215,262.959260782
241,8216,262.959260782
242,8217,262.959260782
242,8218,262.959260782
243,8219,262.959260782
244,8219,262.959260782
245,8220,262.959260782
246,8221,262.959260782
247,8222,262.959260782
248,8223,262.959260782
249,8224,262.959260782
250,8224,262.959260782
251,8225,262.959260782
252,8226,262.959260782
253,8226,262.959260782
254,8226,262.959260782
255,8227,262.959260782
256,8228,262.959260782
257,8229,262.959260782
258,8230,262.959260782
259,8230,262.959260782
260,8231,262.959260782
261,8232,262.959260782
262,8233,262.959260782
262,8234,262.959260782
263,8235,262.959260782
264,8236,262.959260782
265,8237,262.959260782
266,8238,262.959260782
267,8239,262.959260782
268,8240,262.959260782
269,8241,262.959260782
270,8242,262.959260782
271,8243,262.959260782
272,8244,262.959260782
273,8245,262.959260782
274,8246,262.959260782
275,8247,262.959260782
276,8248,262.959260782
277,8249,262.959260782
278,8250,262.959260782
279,8251,262.959260782
280,8252,262.959260782
281,8253,262.959260782
282,8254,262.959260782
283,8255,262.959260782
284,8255,262.959260782
285,8256,262.959260782
286,8257,262.959260782
287,8258,262.959260782
288,8259,262.959260782
288,8260,262.959260782
289,8261,262.959260782
290,8262,262.959260782
291,8263,262.959260782
292,8264,262.959260782
293,8265,262.959260782
293,8266,262.959260782
294,8267,262.959260782
295,8268,262.959260782
296,8269,262.959260782
297,8270,262.959260782
298,8271,262.959260782
299,8272,262.959260782
300,8273,262.959260782
301,8274,262.959260782
301,8275,262.959260782
302,8276,262.959260782
303,8277,262.959260782
304,8278,262.959260782
304,8279,262.959260782
305,8280,262.959260782
305,8281,262.959260782
305,8282,262.959260782
306,8283,262.959260782
307,8284,262.959260782
308,8285,262.959260782
309,8285,262.959260782
310,8286,262.959260782
310,8287,262.959260782
310,8288,262.959260782
311,8289,262.959260782
311,8290,262.959260782
312,8291,262.959260782
313,8292,262.959260782
314,8293,262.959260782
315,8294,262.959260782
315,8295,262.959260782
316,8296,262.959260782
317,8297,262.959260782
317,8298,262.959260782
317,8299,262.959260782
318,8300,262.959260782
319,8301,262.959260782
320,8302,262.959260782
321,8303,262.959260782
322,8303,262.959260782
323,8304,262.959260782
324,8305,262.959260782
324,8306,262.959260782
325,8307,262.959260782
326,8308,262.959260782
327,8309,262.959260782
328,8310,262.959260782
329,8310,262.959260782
330,8310,262.959260782
331,8311,262.959260782
332,8312,262.959260782
333,8313,262.959260782
333,8314,262.959260782
334,8315,262.959260782
335,8316,262.959260782
335,8317,262.959260782
336,8318,262.959260782
337,8319,262.959260782
338,8320,262.959260782
338,8321,262.959260782
339,8322,262.959260782
339,8323,262.959260782
340,8324,262.959260782
341,8325,262.959260782
342,8326,262.959260782
343,8327,262.959260782
343,8328,262.959260782
344,8329,262.959260782
344,8330,262.959260782
345,8331,262.959260782
345,8332,262.959260782
346,8333,262.959260782
347,8334,262.959260782
348,8335,262.959260782
349,8336,262.959260782
350,8337,262.959260782
351,8338,262.959260782
352,8339,262.959260782
353,8340,262.959260782
354,8341,262.959260782
355,8341,262.959260782
356,8341,262.959260782
357,8342,262.959260782
358,8343,262.959260782
358,8344,262.959260782
359,8345,262.959260782
360,8345,262.959260782
361,8345,262.959260782
362,8345,262.959260782
363,8346,262.959260782
364,8346,262.959260782
365,8346,262.959260782
366,8346,262.959260782
367,8347,262.959260782
368,8348,262.959260782
369,8348,262.959260782
370,8348,262.959260782
371,8349,262.959260782
372,8349,262.959260782
373,8350,262.959260782
374,8351,262.959260782
374,8352,262.959260782
375,8353,262.959260782
375,8354,262.959260782
376,8355,262.959260782
377,8356,262.959260782
378,8357,262.959260782
379,8358,262.959260782
380,8359,262.959260782
380,8360,262.959260782
381,8361,262.959260782
382,8362,262.959260782
383,8363,262.959260782
384,8364,262.959260782
385,8365,262.959260782
385,8366,262.959260782
386,8367,262.959260782
387,8368,262.959260782
388,8369,262.959260782
388,8370,262.959260782
389,8371,262.959260782
390,8372,262.959260782
391,8373,262.959260782
392,8374,262.959260782
393,8375,262.959260782
394,8376,262.959260782
395,8377,262.959260782
396,8378,262.959260782
397,8379,262.959260782
398,8380,262.959260782
399,8381,262.959260782
400,8382,262.959260782
401,8383,262.959260782
402,8384,262.959260782
403,8385,262.959260782
404,8386,262.959260782
405,8386,262.959260782
406,8387,262.959260782
407,8388,262.959260782
408,8388,262.959260782
409,8389,262.959260782
410,8390,262.959260782
411,8391,262.959260782
412,8392,262.959260782
413,8392,262.959260782
414,8393,262.959260782
415,8394,262.959260782
416,8395,262.959260782
417,8396,262.959260782
418,8397,262.959260782
419,8398,262.959260782
419,8399,262.959260782
420,8400,262.959260782
421,8401,262.959260782
422,8402,262.959260782
423,8403,262.959260782
424,8404,262.959260782
425,8405,262.959260782
426,8406,262.959260782
427,8406,262.959260782
428,8407,262.959260782
429,8408,262.959260782
430,8409,262.959260782
431,8410,262.959260782
432,8411,262.959260782
432,8412,262.959260782
433,8413,262.959260782
433,8414,262.959260782
434,8415,262.959260782
435,8415,262.959260782
436,8416,262.959260782
437,8417,262.959260782
438,8418,262.959260782
439,8419,262.959260782
440,8420,262.959260782
441,8421,262.959260782
442,8422,262.959260782
443,8423,262.959260782
444,8424,262.959260782
445,8425,262.959260782
446,8426,262.959260782
447,8427,262.959260782
448,8428,262.959260782
449,8429,262.959260782
450,8430,262.959260782
451,8431,262.959260782
451,8432,262.959260782
452,8433,262.959260782
453,8434,262.959260782
454,8435,262.959260782
455,8436,262.959260782
456,8437,262.959260782
457,8438,262.959260782
458,8439,262.959260782
459,8440,262.959260782
460,8441,262.959260782
461,8442,262.959260782
462,8443,262.959260782
463,8444,262.959260782
464,8445,262.959260782
465,8445,262.959260782
466,8446,262.959260782
467,8447,262.959260782
468,8448,262.959260782
468,8449,262.959260782
469,8450,262.959260782
469,8451,262.959260782
470,8452,262.959260782
471,8453,262.959260782
472,8454,262.959260782
473,8455,262.959260782
473,8456,262.959260782
474,8457,262.959260782
475,8458,262.959260782
476,8459,262.959260782
477,8460,262.959260782
477,8461,262.959260782
477,8462,262.959260782
478,8463,262.959260782
479,8464,262.959260782
480,8465,262.959260782
481,8466,262.959260782
482,8467,262.959260782
483,8468,262.959260782
484,8469,262.959260782
485,8470,262.959260782
486,8471,262.959260782
487,8472,262.959260782
488,8473,262.959260782
489,8474,262.959260782
489,8475,262.959260782
490,8476,262.959260782
491,8477,262.959260782
492,8478,262.959260782
493,8479,262.959260782
494,8480,262.959260782
495,8480,262.959260782
496,8481,262.959260782
497,8482,262.959260782
498,8483,262.959260782
499,8484,262.959260782
500,8485,262.959260782
501,8486,262.959260782
502,8487,262.959260782
503,8488,262.959260782
504,8489,262.959260782
505,8490,262.959260782
506,8491,262.959260782
507,8492,262.959260782
508,8493,262.959260782
509,8493,262.959260782
510,8494,262.959260782
510,8495,262.959260782
511,8496,262.959260782
512,8496,262.959260782
513,8497,262.959260782
514,8498,262.959260782
515,8499,262.959260782
516,8500,262.959260782
517,8501,262.959260782
517,8502,262.959260782
517,8503,262.959260782
518,8504,262.959260782
519,8505,262.959260782
519,8506,262.959260782
520,8507,262.959260782
521,8508,262.959260782
522,8509,262.959260782
523,8510,262.959260782
524,8511,262.959260782
525,8512,262.959260782
526,8513,262.959260782
527,8514,262.959260782
528,8515,262.959260782
528,8516,262.959260782
529,8517,262.959260782
529,8518,262.959260782
530,8519,262.959260782
530,8520,262.959260782
531,8521,262.959260782
531,8522,262.959260782
532,8523,262.959260782
533,8524,262.959260782
534,8525,262.959260782
535,8526,262.959260782
536,8526,262.959260782
537,8527,262.959260782
538,8527,262.959260782
539,8528,262.959260782
540,8529,262.959260782
541,8530,262.959260782
542,8531,262.959260782
543,8532,262.959260782
544,8533,262.959260782
545,8534,262.959260782
546,8535,262.959260782
547,8536,262.959260782
548,8536,262.959260782
549,8537,262.959260782
550,8538,262.959260782
551,8539,262.959260782
552,8540,262.959260782
553,8541,262.959260782
554,8542,262.959260782
555,8543,262.959260782
555,8544,262.959260782
556,8545,262.959260782
557,8546,262.959260782
558,8547,262.959260782
559,8548,262.959260782
560,8549,262.959260782
561,8550,262.959260782
562,8550,262.959260782
563,8550,262.959260782
564,8550,262.959260782
565,8550,262.959260782
566,8551,262.959260782
567,8552,262.959260782
568,8553,262.959260782
569,8554,262.959260782
570,8555,262.959260782
571,8556,262.959260782
571,8557,262.959260782
572,8558,262.959260782
573,8559,262.959260782
573,8560,262.959260782
574,8561,262.959260782
575,8562,262.959260782
575,8563,262.959260782
575,8564,262.959260782
576,8565,262.959260782
577,8566,262.959260782
578,8567,262.959260782
579,8568,262.959260782
580,8569,262.959260782
581,8570,262.959260782
581,8571,262.959260782
582,8572,262.959260782
583,8573,262.959260782
584,8574,262.959260782
585,8575,262.959260782
586,8576,262.959260782
587,8577,262.959260782
588,8578,262.959260782
589,8578,262.959260782
590,8579,262.959260782
591,8580,262.959260782
591,8581,262.959260782
592,8582,262.959260782
593,8583,262.959260782
594,8584,262.959260782
595,8585,262.959260782
596,8586,262.959260782
597,8587,262.959260782
598,8588,262.959260782
598,8589,262.959260782
599,8590,262.959260782
600,8591,262.959260782
600,8592,262.959260782
601,8593,262.959260782
602,8594,262.959260782
603,8595,262.959260782
604,8596,262.959260782
605,8597,262.959260782
606,8597,262.959260782
607,8598,262.959260782
608,8599,262.959260782
609,8599,262.959260782
610,8600,262.959260782
611,8601,262.959260782
611,8602,262.959260782
612,8603,262.959260782
613,8603,262.959260782
614,8604,262.959260782
614,8605,262.959260782
615,8606,262.959260782
616,8607,262.959260782
617,8608,262.959260782
618,8609,262.959260782
618,8610,262.959260782
619,8611,262.959260782
620,8611,262.959260782
621,8612,262.959260782
622,8613,262.959260782
623,8614,262.959260782
624,8615,262.959260782
625,8616,262.959260782
625,8617,262.959260782
625,8618,262.959260782
626,8619,262.959260782
627,8620,262.959260782
628,8621,262.959260782
628,8622,262.959260782
629,8623,262.959260782
630,8624,262.959260782
631,8625,262.959260782
632,8626,262.959260782
632,8627,262.959260782
633,8628,262.959260782
634,8629,262.959260782
635,8630,262.959260782
636,8631,262.959260782
637,8632,262.959260782
638,8633,262.959260782
639,8634,262.959260782
640,8634,262.959260782
641,8635,262.959260782
642,8636,262.959260782
643,8637,262.959260782
644,8638,262.959260782
645,8639,262.959260782
646,8640,262.959260782
646,8641,262.959260782
647,8642,262.959260782
648,8643,262.959260782
648,8644,262.959260782
649,8645,262.959260782
650,8645,262.959260782
651,8646,262.959260782
652,8647,262.959260782
653,8647,262.959260782
654,8648,262.959260782
655,8649,262.959260782
656,8650,262.959260782
657,8651,262.959260782
658,8652,262.959260782
659,8653,262.959260782
660,8653,262.959260782
661,8653,262.959260782
662,8653,262.959260782
663,8653,262.959260782
664,8654,262.959260782
665,8654,262.959260782
666,8654,262.959260782
667,8655,262.959260782
668,8656,262.959260782
669,8657,262.959260782
669,8658,262.959260782
670,8659,262.959260782
671,8660,262.959260782
672,8661,262.959260782
673,8662,262.959260782
674,8663,262.959260782
675,8664,262.959260782
676,8665,262.959260782
677,8666,262.959260782
678,8667,262.959260782
679,8668,262.959260782
680,8668,262.959260782
681,8668,262.959260782
682,8669,262.959260782
683,8669,262.959260782
684,8670,262.959260782
685,8670,262.959260782
686,8671,262.959260782
687,8672,262.959260782
688,8673,262.959260782
689,8674,262.959260782
690,8674,262.959260782
691,8674,262.959260782
692,8674,262.959260782
693,8674,262.959260782
694,8674,262.959260782
695,8675,262.959260782
696,8676,262.959260782
697,8677,262.959260782
698,8678,262.959260782
699,8679,262.959260782
700,8680,262.959260782
701,8681,262.959260782
702,8682,262.959260782
703,8683,262.959260782
704,8684,262.959260782
705,8685,262.959260782
706,8686,262.959260782
707,8687,262.959260782
708,8688,262.959260782
709,8689,262.959260782
710,8690,262.959260782
711,8691,262.959260782
712,8692,262.959260782
713,8693,262.959260782
714,8694,262.959260782
715,8695,262.959260782
715,8696,262.959260782
716,8697,262.959260782
717,8698,262.959260782
718,8699,262.959260782
719,8700,262.959260782
720,8700,262.959260782
721,8701,262.959260782
722,8701,262.959260782
723,8702,262.959260782
724,8703,262.959260782
724,8704,262.959260782
725,8705,262.959260782
726,8706,262.959260782
727,8707,262.959260782
728,8708,262.959260782
728,8709,262.959260782
729,8710,262.959260782
730,8711,262.959260782
731,8712,262.959260782
732,8713,262.959260782
733,8714,262.959260782
734,8715,262.959260782
734,8716,262.959260782
735,8717,262.959260782
736,8718,262.959260782
737,8719,262.959260782
737,8720,262.959260782
738,8721,262.959260782
739,8721,262.959260782
740,8721,262.959260782
741,8722,262.959260782
742,8723,262.959260782
743,8724,262.959260782
743,8725,262.959260782
744,8726,262.959260782
745,8727,262.959260782
746,8728,262.959260782
747,8729,262.959260782
748,8730,262.959260782
749,8731,262.959260782
750,8732,262.959260782
751,8733,262.959260782
752,8733,262.959260782
753,8734,262.959260782
754,8735,262.959260782
755,8736,262.959260782
756,8737,262.959260782
757,8738,262.959260782
758,8739,262.959260782
759,8740,262.959260782
759,8741,262.959260782
760,8742,262.959260782
761,8743,262.959260782
762,8744,262.959260782
762,8745,262.959260782
763,8746,262.959260782
764,8747,262.959260782
764,8748,262.959260782
765,8749,262.959260782
766,8749,262.959260782
767,8749,262.959260782
768,8750,262.959260782
769,8751,262.959260782
770,8752,262.959260782
771,8753,262.959260782
771,8754,262.959260782
772,8755,262.959260782
773,8756,262.959260782
774,8757,262.959260782
775,8758,262.959260782
776,8759,262.959260782
777,8760,262.959260782
778,8761,262.959260782
779,8762,262.959260782
780,8763,262.959260782
780,8764,262.959260782
780,8765,262.959260782
781,8766,262.959260782
782,8767,262.959260782
783,8768,262.959260782
784,8769,262.959260782
784,8770,262.959260782
785,8771,262.959260782
786,8772,262.959260782
786,8773,262.959260782
786,8774,262.959260782
787,8775,262.959260782
788,8776,262.959260782
789,8777,262.959260782
790,8778,262.959260782
791,8779,262.959260782
792,8780,262.959260782
793,8781,262.959260782
794,8782,262.959260782
794,8783,262.959260782
795,8784,262.959260782
796,8785,262.959260782
797,8786,262.959260782
798,8787,262.959260782
799,8788,262.959260782
800,8789,262.959260782
801,8790,262.959260782
802,8791,262.959260782
803,8792,262.959260782
804,8793,262.959260782
805,8794,262.959260782
806,8795,262.959260782
807,8796,262.959260782
808,8797,262.959260782
809,8798,262.959260782
810,8799,262.959260782
811,8800,262.959260782
812,8801,262.959260782
813,8802,262.959260782
814,8803,262.959260782
815,8804,262.959260782
816,8805,262.959260782
817,8806,262.959260782
818,8806,262.959260782
819,8807,262.959260782
820,8808,262.959260782
820,8809,262.959260782
821,8810,262.959260782
822,8811,262.959260782
823,8812,262.959260782
823,8813,262.959260782
824,8814,262.959260782
825,8815,262.959260782
826,8816,262.959260782
827,8817,262.959260782
828,8817,262.959260782
829,8818,262.959260782
830,8819,262.959260782
830,8820,262.959260782
831,8821,262.959260782
832,8822,262.959260782
833,8823,262.959260782
834,8824,262.959260782
835,8825,262.959260782
835,8826,262.959260782
836,8827,262.959260782
837,8828,262.959260782
838,8829,262.959260782
839,8830,262.959260782
840,8831,262.959260782
841,8832,262.959260782
842,8833,262.959260782
843,8834,262.959260782
844,8835,262.959260782
845,8836,262.959260782
846,8837,262.959260782
847,8838,262.959260782
848,8838,262.959260782
849,8838,262.959260782
850,8839,262.959260782
851,8840,262.959260782
851,8841,262.959260782
852,8842,262.959260782
853,8843,262.959260782
854,8844,262.959260782
855,8845,262.959260782
856,8846,262.959260782
857,8847,262.959260782
857,8848,262.959260782
858,8849,262.959260782
859,8850,262.959260782
860,8851,262.959260782
861,8852,262.959260782
862,8853,262.959260782
863,8853,262.959260782
864,8854,262.959260782
865,8855,262.959260782
866,8855,262.959260782
867,8856,262.959260782
868,8857,262.959260782
869,8857,262.959260782
870,8858,262.959260782
870,8859,262.959260782
871,8860,262.959260782
872,8860,262.959260782
873,8861,262.959260782
874,8862,262.959260782
875,8863,262.959260782
876,8864,262.959260782
877,8865,262.959260782
878,8866,262.959260782
879,8867,262.959260782
880,8868,262.959260782
881,8869,262.959260782
882,8870,262.959260782
882,8871,262.959260782
882,8872,262.959260782
883,8873,262.959260782
884,8874,262.959260782
885,8875,262.959260782
886,8876,262.959260782
887,8877,262.959260782
888,8878,262.959260782
889,8879,262.959260782
890,8880,262.959260782
891,8881,262.959260782
892,8882,262.959260782
892,8883,262.959260782
893,8884,262.959260782
894,8885,262.959260782
895,8886,262.959260782
896,8886,262.959260782
897,8887,262.959260782
898,8888,262.959260782
899,8889,262.959260782
900,8890,262.959260782
900,8891,262.959260782
900,8892,262.959260782
901,8893,262.959260782
902,8894,262.959260782
903,8895,262.959260782
904,8896,262.959260782
905,8897,262.959260782
905,8898,262.959260782
906,8899,262.959260782
907,8899,262.959260782
908,8899,262.959260782
909,8900,262.959260782
909,8901,262.959260782
909,8902,262.959260782
910,8903,262.959260782
911,8903,262.959260782
912,8904,262.959260782
913,8905,262.959260782
914,8906,262.959260782
915,8907,262.959260782
916,8907,262.959260782
917,8908,262.959260782
918,8909,262.959260782
919,8910,262.959260782
920,8911,262.959260782
921,8912,262.959260782
922,8913,262.959260782
923,8914,262.959260782
924,8915,262.959260782
925,8916,262.959260782
926,8917,262.959260782
927,8917,262.959260782
928,8918,262.959260782
929,8919,262.959260782
930,8920,262.959260782
931,8921,262.959260782
932,8922,262.959260782
933,8923,262.959260782
934,8924,262.959260782
935,8925,262.959260782
936,8926,262.959260782
937,8927,262.959260782
938,8928,262.959260782
939,8929,262.959260782
940,8930,262.959260782
941,8931,262.959260782
942,8932,262.959260782
943,8933,262.959260782
944,8934,262.959260782
945,8935,262.959260782
946,8935,262.959260782
947,8936,262.959260782
947,8937,262.959260782
948,8938,262.959260782
949,8938,262.959260782
950,8938,262.959260782
951,8939,262.959260782
952,8940,262.959260782
953,8941,262.959260782
954,8942,262.959260782
955,8942,262.959260782
956,8943,262.959260782
957,8944,262.959260782
958,8945,262.959260782
959,8946,262.959260782
960,8947,262.959260782
960,8948,262.959260782
960,8949,262.959260782
961,8950,262.959260782
961,8951,262.959260782
962,8952,262.959260782
963,8953,262.959260782
964,8953,262.959260782
965,8954,262.959260782
965,8955,262.959260782
965,8956,262.959260782
966,8957,262.959260782
967,8958,262.959260782
968,8959,262.959260782
969,8960,262.959260782
969,8961,262.959260782
970,8962,262.959260782
971,8962,262.959260782
972,8963,262.959260782
973,8964,262.959260782
974,8965,262.959260782
974,8966,262.959260782
975,8967,262.959260782
976,8968,262.959260782
977,8969,262.959260782
977,8970,262.959260782
978,8971,262.959260782
979,8972,262.959260782
980,8973,262.959260782
981,8974,262.959260782
982,8975,262.959260782
983,8976,262.959260782
984,8977,262.959260782
985,8978,262.959260782
986,8979,262.959260782
987,8980,262.959260782
988,8981,262.959260782
988,8982,262.959260782
989,8983,262.959260782
990,8984,262.959260782
991,8985,262.959260782
992,8986,262.959260782
993,8987,262.959260782
994,8988,262.959260782
995,8989,262.959260782
996,8990,262.959260782
997,8991,262.959260782
998,8991,262.959260782
999,8991,262.959260782
1000,8992,262.959260782
1000,8993,262.959260782
1001,8994,262.959260782
1001,8995,262.959260782
1002,8996,262.959260782
1002,8997,262.959260782
1003,8998,262.959260782
1004,8999,262.959260782
1004,9000,262.959260782
1005,9001,262.959260782
1006,9002,262.959260782
1007,9003,262.959260782
1008,9004,262.959260782
1009,9005,262.959260782
1010,9006,262.959260782
1011,9007,262.959260782
1012,9008,262.959260782
1013,9008,262.959260782
1014,9009,262.959260782
1015,9010,262.959260782
1015,9011,262.959260782
1016,9012,262.959260782
1017,9013,262.959260782
1018,9014,262.959260782
1019,9014,262.959260782
1020,9015,262.959260782
1021,9015,262.959260782
1022,9015,262.959260782
1023,9016,262.959260782
1024,9017,262.959260782
1025,9018,262.959260782
1026,9019,262.959260782
1027,9020,262.959260782
1027,9021,262.959260782
1028,9022,262.959260782
1029,9023,262.959260782
1030,9023,262.959260782
1031,9024,262.959260782
1032,9025,262.959260782
1033,9025,262.959260782
1034,9026,262.959260782
1035,9027,262.959260782
1036,9028,262.959260782
1037,9029,262.959260782
1037,9030,262.959260782
1038,9031,262.959260782
1039,9032,262.959260782
1040,9033,262.959260782
1041,9034,262.959260782
1041,9035,262.959260782
1042,9036,262.959260782
1043,9037,262.959260782
1044,9038,262.959260782
1045,9039,262.959260782
1046,9040,262.959260782
1047,9041,262.959260782
1048,9041,262.959260782
1049,9042,262.959260782
1049,9043,262.959260782
1050,9044,262.959260782
1051,9045,262.959260782
1052,9045,262.959260782
1053,9046,262.959260782
1053,9047,262.959260782
1054,9048,262.959260782
1055,9049,262.959260782
1056,9050,262.959260782
1057,9051,262.959260782
1058,9052,262.959260782
1059,9053,262.959260782
1059,9054,262.959260782
1060,9055,262.959260782
1061,9056,262.959260782
1062,9057,262.959260782
1063,9058,262.959260782
1064,9058,262.959260782
1065,9059,262.959260782
1066,9060,262.959260782
1067,9061,262.959260782
1068,9062,262.959260782
1069,9063,262.959260782
1070,9064,262.959260782
1071,9065,262.959260782
1072,9066,262.959260782
1073,9067,262.959260782
1073,9068,262.959260782
1074,9069,262.959260782
1075,9069,262.959260782
1076,9069,262.959260782
1077,9070,262.959260782
1078,9071,262.959260782
1079,9072,262.959260782
1080,9073,262.959260782
1081,9074,262.959260782
1081,9075,262.959260782
1082,9076,262.959260782
1083,9076,262.959260782
1084,9077,262.959260782
1085,9078,262.959260782
1086,9078,262.959260782
1087,9079,262.959260782
1088,9080,262.959260782
1089,9081,262.959260782
1089,9082,262.959260782
1090,9083,262.959260782
1091,9084,262.959260782
1092,9085,262.959260782
1092,9086,262.959260782
1092,9087,262.959260782
1093,9088,262.959260782
1094,9089,262.959260782
1095,9090,262.959260782
1096,9091,262.959260782
1097,9092,262.959260782
1098,9093,262.959260782
1099,9094,262.959260782
1100,9095,262.959260782
1101,9096,262.959260782
1102,9097,262.959260782
1103,9098,262.959260782
1104,9099,262.959260782
1105,9100,262.959260782
1106,9101,262.959260782
1107,9102,262.959260782
1107,9103,262.959260782
1108,9104,262.959260782
1109,9105,262.959260782
1110,9106,262.959260782
1111,9107,262.959260782
1111,9108,262.959260782
1112,9109,262.959260782
1113,9110,262.959260782
1114,9111,262.959260782
1115,9112,262.959260782
1116,9113,262.959260782
1117,9113,262.959260782
1118,9114,262.959260782
1119,9115,262.959260782
1120,9116,262.959260782
1121,9117,262.959260782
1122,9118,262.959260782
1123,9119,262.959260782
1124,9120,262.959260782
1125,9121,262.959260782
1126,9122,262.959260782
1127,9123,262.959260782
1128,9124,262.959260782
1128,9125,262.959260782
1129,9126,262.959260782
1130,9127,262.959260782
1131,9128,262.959260782
1132,9129,262.959260782
1133,9130,262.959260782
1134,9131,262.959260782
1134,9132,262.959260782
1135,9133,262.959260782
1136,9134,262.959260782
1137,9135,262.959260782
1138,9135,262.959260782
1139,9136,262.959260782
1140,9136,262.959260782
1141,9136,262.959260782
1142,9137,262.959260782
1143,9138,262.959260782
1144,9139,262.959260782
1145,9140,262.959260782
1146,9141,262.959260782
1147,9142,262.959260782
1147,9143,262.959260782
1148,9144,262.959260782
1149,9145,262.959260782
1150,9146,262.959260782
1151,9147,262.959260782
1152,9147,262.959260782
1153,9148,262.959260782
1154,9148,262.959260782
1155,9149,262.959260782
1156,9150,262.959260782
1157,9151,262.959260782
1157,9152,262.959260782
1157,9153,262.959260782
1158,9154,262.959260782
1159,9154,262.959260782
1160,9155,262.959260782
1160,9156,262.959260782
1161,9157,262.959260782
1162,9157,262.959260782
1163,9157,262.959260782
1164,9158,262.959260782
1165,9159,262.959260782
1165,9160,262.959260782
1166,9161,262.959260782
1167,9161,262.959260782
1168,9162,262.959260782
1168,9163,262.959260782
1169,9164,262.959260782
1170,9165,262.959260782
1171,9166,262.959260782
1172,9167,262.959260782
1173,9168,262.959260782
1174,9169,262.959260782
1175,9170,262.959260782
1176,9171,262.959260782
1177,9172,262.959260782
1178,9173,262.959260782
1178,9174,262.959260782
1179,9175,262.959260782
1180,9176,262.959260782
1181,9177,262.959260782
1182,9178,262.959260782
1183,9178,262.959260782
1184,9179,262.959260782
1185,9180,262.959260782
1186,9181,262.959260782
1187,9182,262.959260782
1188,9183,262.959260782
1189,9184,262.959260782
1190,9185,262.959260782
1190,9186,262.959260782
1191,9187,262.959260782
1191,9188,262.959260782
1192,9189,262.959260782
1193,9189,262.959260782
1194,9189,262.959260782
1195,9189,262.959260782
1196,9190,262.959260782
1197,9191,262.959260782
1198,9192,262.959260782
1199,9193,262.959260782
1200,9194,262.959260782
1201,9195,262.959260782
1202,9196,262.959260782
1202,9197,262.959260782
1203,9198,262.959260782
1204,9198,262.959260782
1205,9199,262.959260782
1206,9199,262.959260782
1207,9200,262.959260782
1208,9201,262.959260782
1209,9202,262.959260782
1209,9203,262.959260782
1210,9204,262.959260782
1211,9205,262.959260782
1212,9206,262.959260782
1213,9207,262.959260782
1214,9208,262.959260782
1215,9209,262.959260782
1216,9210,262.959260782
1217,9211,262.959260782
1218,9211,262.959260782
1219,9212,262.959260782
1219,9213,262.959260782
1220,9214,262.959260782
1221,9215,262.959260782
1222,9216,262.959260782
1223,9217,262.959260782
1223,9218,262.959260782
1223,9219,262.959260782
1224,9220,262.959260782
1225,9221,262.959260782
1226,9222,262.959260782
1227,9223,262.959260782
1228,9224,262.959260782
1229,9225,262.959260782
1230,9226,262.959260782
1231,9227,262.959260782
1232,9228,262.959260782
1233,9229,262.959260782
1234,9230,262.959260782
1235,9231,262.959260782
1236,9232,262.959260782
1237,9233,262.959260782
1238,9234,262.959260782
1238,9235,262.959260782
1239,9236,262.959260782
1240,9237,262.959260782
1241,9238,262.959260782
1242,9239,262.959260782
1243,9240,262.959260782
1243,9241,262.959260782
1244,9242,262.959260782
1245,9243,262.959260782
1246,9244,262.959260782
1247,9245,262.959260782
1247,9246,262.959260782
1248,9247,262.959260782
1248,9248,262.959260782
1249,9249,262.959260782
1250,9250,262.959260782
1251,9251,262.959260782
1251,9252,262.959260782
1252,9253,262.959260782
1253,9254,262.959260782
1253,9255,262.959260782
1254,9256,262.959260782
1255,9257,262.959260782
1256,9258,262.959260782
1257,9259,262.959260782
1257,9260,262.959260782
1258,9261,262.959260782
1259,9262,262.959260782
1260,9263,262.959260782
1261,9264,262.959260782
1262,9265,262.959260782
1262,9266,262.959260782
1262,9267,262.959260782
1263,9268,262.959260782
1264,9269,262.959260782
1265,9269,262.959260782
1266,9269,262.959260782
1267,9269,262.959260782
1268,9269,262.959260782
1269,9270,262.959260782
1270,9271,262.959260782
1271,9272,262.959260782
1272,9273,262.959260782
1273,9274,262.959260782
1274,9275,262.959260782
1275,9276,262.959260782
1275,9277,262.959260782
1275,9278,262.959260782
1276,9279,262.959260782
1277,9280,262.959260782
1278,9281,262.959260782
1279,9282,262.959260782
1280,9283,262.959260782
1281,9284,262.959260782
1281,9285,262.959260782
1282,9286,262.959260782
1283,9287,262.959260782
1284,9288,262.959260782
1285,9289,262.959260782
1286,9290,262.959260782
1286,9291,262.959260782
1286,9292,262.959260782
1287,9293,262.959260782
1288,9294,262.959260782
1289,9295,262.959260782
1290,9295,262.959260782
1291,9296,262.959260782
1292,9297,262.959260782
1293,9298,262.959260782
1294,9299,262.959260782
1295,9299,262.959260782
1296,9300,262.959260782
1297,9301,262.959260782
1298,9302,262.959260782
1299,9303,262.959260782
1300,9304,262.959260782
1301,9305,262.959260782
1302,9306,262.959260782
1303,9307,262.959260782
1304,9308,262.959260782
1305,9309,262.959260782
1306,9310,262.959260782
1307,9311,262.959260782
1308,9312,262.959260782
1308,9313,262.959260782
1309,9314,262.959260782
1309,9315,262.959260782
1309,9316,262.959260782
1310,9317,262.959260782
1311,9318,262.959260782
1312,9319,262.959260782
1313,9320,262.959260782
1314,9321,262.959260782
1314,9322,262.959260782
1315,9323,262.959260782
1315,9324,262.959260782
1316,9325,262.959260782
1317,9326,262.959260782
1318,9327,262.959260782
1319,9328,262.959260782
1320,9329,262.959260782
1321,9330,262.959260782
1322,9331,262.959260782
1323,9332,262.959260782
1324,9333,262.959260782
1325,9333,262.959260782
1326,9334,262.959260782
1327,9335,262.959260782
1328,9336,262.959260782
1329,9337,262.959260782
1330,9338,262.959260782
1331,9339,262.959260782
1332,9340,262.959260782
1333,9341,262.959260782
1334,9341,262.959260782
1335,9341,262.959260782
1336,9342,262.959260782
1336,9343,262.959260782
1337,9344,262.959260782
1338,9345,262.959260782
1339,9345,262.959260782
1340,9346,262.959260782
1341,9347,262.959260782
1342,9348,262.959260782
1342,9349,262.959260782
1343,9350,262.959260782
1344,9351,262.959260782
1345,9352,262.959260782
1345,9353,262.959260782
1346,9354,262.959260782
1347,9354,262.959260782
1348,9355,262.959260782
1349,9356,262.959260782
1350,9357,262.959260782
1351,9358,262.959260782
1352,9359,262.959260782
1352,9360,262.959260782
1353,9361,262.959260782
1354,9362,262.959260782
1355,9363,262.959260782
1356,9364,262.959260782
1357,9365,262.959260782
1358,9366,262.959260782
1359,9367,262.959260782
1360,9368,262.959260782
1361,9369,262.959260782
1362,9370,262.959260782
1363,9371,262.959260782
1364,9372,262.959260782
1365,9373,262.959260782
1365,9374,262.959260782
1365,9375,262.959260782
1366,9376,262.959260782
1367,9377,262.959260782
1368,9378,262.959260782
1369,9378,262.959260782
1370,9378,262.959260782
1371,9379,262.959260782
1372,9380,262.959260782
1372,9381,262.959260782
1373,9382,262.959260782
1374,9383,262.959260782
1375,9384,262.959260782
1376,9385,262.959260782
1377,9386,262.959260782
1378,9387,262.959260782
1379,9388,262.959260782
1380,9389,262.959260782
1381,9389,262.959260782
1382,9390,262.959260782
1383,9391,262.959260782
1384,9392,262.959260782
1385,9393,262.959260782
1386,9394,262.959260782
1387,9395,262.959260782
1388,9396,262.959260782
1389,9397,262.959260782
1390,9398,262.959260782
1391,9399,262.959260782
1392,9400,262.959260782
1392,9401,262.959260782
1393,9402,262.959260782
1394,9403,262.959260782
1395,9403,262.959260782
1396,9404,262.959260782
1397,9405,262.959260782
1398,9406,262.959260782
1399,9407,262.959260782
1400,9408,262.959260782
1400,9409,262.959260782
1400,9410,262.959260782
1400,9411,262.959260782
1400,9412,262.959260782
1400,9413,262.959260782
1400,9414,262.959260782
1400,9415,262.959260782
1400,9416,262.959260782
1400,9417,262.959260782
1400,9418,262.959260782
1401,9419,262.959260782
1402,9420,262.959260782
1403,9421,262.959260782
1404,9421,262.959260782
1405,9421,262.959260782
1406,9421,262.959260782
1407,9421,262.959260782
1408,9421,262.959260782
1409,9421,262.959260782
1410,9421,262.959260782
1411,9421,262.959260782
1412,9421,262.959260782
1413,9421,262.959260782
1414,9421,262.959260782
1415,9422,262.959260782
1416,9423,262.959260782
1417,9423,262.959260782
1418,9423,262.959260782
1419,9423,262.959260782
1420,9424,262.959260782
1421,9425,262.959260782
1422,9426,262.959260782
1422,9427,262.959260782
1423,9428,262.959260782
1424,9428,262.959260782
1425,9429,262.959260782
0,9557,626.962208302
1,9557,626.962208302
2,9557,626.962208302
3,9557,626.962208302
4,9557,626.962208302
5,9557,626.962208302
6,9557,626.962208302
7,9557,626.962208302
8,9557,626.962208302
9,9557,626.962208302
10,9557,626.962208302
11,9558,626.962208302
11,9559,626.962208302
12,9560,626.962208302
12,9561,626.962208302
12,9562,626.962208302
12,9563,626.962208302
12,9564,626.962208302
12,9565,626.962208302
13,9566,626.962208302
14,9567,626.962208302
15,9567,626.962208302
16,9567,626.962208302
17,9567,626.962208302
18,9567,626.962208302
19,9567,626.962208302
20,9567,626.962208302
21,9567,626.962208302
22,9567,626.962208302
23,9567,626.962208302
24,9567,626.962208302
25,9567,626.962208302
26,9567,626.962208302
27,9567,626.962208302
28,9567,626.962208302
29,9567,626.962208302
30,9567,626.962208302
31,9567,626.962208302
32,9567,626.962208302
33,9567,626.962208302
34,9568,626.962208302
35,9569,626.962208302
36,9569,626.962208302
37,9569,626.962208302
38,9569,626.962208302
39,9570,626.962208302
40,9571,626.962208302
41,9571,626.962208302
42,9572,626.962208302
43,9573,626.962208302
44,9574,626.962208302
45,9575,626.962208302
46,9576,626.962208302
47,9577,626.962208302
47,9578,626.962208302
48,9579,626.962208302
49,9580,626.962208302
50,9580,626.962208302
51,9581,626.962208302
52,9581,626.962208302
53,9582,626.962208302
54,9583,626.962208302
55,9584,626.962208302
56,9584,626.962208302
57,9584,626.962208302
58,9585,626.962208302
59,9586,626.962208302
60,9587,626.962208302
61,9588,626.962208302
62,9588,626.962208302
63,9588,626.962208302
64,9588,626.962208302
65,9588,626.962208302
66,9588,626.962208302
67,9588,626.962208302
68,9588,626.962208302
69,9588,626.962208302
70,9588,626.962208302
71,9588,626.962208302
72,9588,626.962208302
73,9588,626.962208302
74,9588,626.962208302
75,9588,626.962208302
76,9588,626.962208302
77,9588,626.962208302
78,9589,626.962208302
79,9589,626.962208302
80,9589,626.962208302
81,9590,626.962208302
82,9591,626.962208302
83,9591,626.962208302
84,9591,626.962208302
85,9591,626.962208302
86,9591,626.962208302
87,9592,626.962208302
88,9593,626.962208302
89,9594,626.962208302
90,9594,626.962208302
91,9595,626.962208302
91,9596,626.962208302
92,9597,626.962208302
93,9597,626.962208302
94,9597,626.962208302
95,9597,626.962208302
96,9597,626.962208302
97,9598,626.962208302
98,9598,626.962208302
99,9598,626.962208302
100,9598,626.962208302
101,9598,626.962208302
102,9598,626.962208302
103,9598,626.962208302
104,9598,626.962208302
105,9599,626.962208302
106,9600,626.962208302
107,9601,626.962208302
108,9601,626.962208302
109,9601,626.962208302
110,9601,626.962208302
111,9602,626.962208302
112,9603,626.962208302
113,9604,626.962208302
113,9605,626.962208302
114,9606,626.962208302
115,9607,626.962208302
116,9607,626.962208302
117,9608,626.962208302
118,9609,626.962208302
119,9609,626.962208302
120,9610,626.962208302
121,9611,626.962208302
122,9611,626.962208302
123,9611,626.962208302
124,9611,626.962208302
125,9611,626.962208302
126,9611,626.962208302
127,9611,626.962208302
128,9611,626.962208302
129,9612,626.962208302
130,9613,626.962208302
131,9613,626.962208302
132,9613,626.962208302
133,9613,626.962208302
134,9613,626.962208302
135,9613,626.962208302
136,9614,626.962208302
137,9614,626.962208302
138,9614,626.962208302
139,9614,626.962208302
140,9614,626.962208302
141,9614,626.962208302
142,9614,626.962208302
143,9615,626.962208302
144,9616,626.962208302
145,9617,626.962208302
146,9618,626.962208302
147,9619,626.962208302
148,9620,626.962208302
149,9621,626.962208302
149,9622,626.962208302
149,9623,626.962208302
150,9624,626.962208302
151,9625,626.962208302
152,9626,626.962208302
153,9627,626.962208302
154,9628,626.962208302
155,9628,626.962208302
156,9629,626.962208302
156,9630,626.962208302
157,9631,626.962208302
158,9631,626.962208302
159,9632,626.962208302
159,9633,626.962208302
160,9634,626.962208302
161,9635,626.962208302
162,9636,626.962208302
163,9637,626.962208302
164,9638,626.962208302
165,9639,626.962208302
165,9640,626.962208302
166,9641,626.962208302
167,9642,626.962208302
168,9642,626.962208302
169,9643,626.962208302
170,9644,626.962208302
171,9645,626.962208302
172,9646,626.962208302
173,9647,626.962208302
174,9648,626.962208302
175,9649,626.962208302
176,9650,626.962208302
177,9651,626.962208302
178,9652,626.962208302
179,9653,626.962208302
180,9653,626.962208302
181,9654,626.962208302
182,9655,626.962208302
182,9656,626.962208302
183,9657,626.962208302
184,9658,626.962208302
184,9659,626.962208302
185,9660,626.962208302
186,9660,626.962208302
187,9661,626.962208302
188,9662,626.962208302
189,9662,626.962208302
190,9663,626.962208302
191,9664,626.962208302
191,9665,626.962208302
192,9666,626.962208302
193,9667,626.962208302
194,9667,626.962208302
195,9668,626.962208302
196,9668,626.962208302
197,9668,626.962208302
198,9668,626.962208302
199,9668,626.962208302
200,9669,626.962208302
201,9669,626.962208302
202,9669,626.962208302
203,9670,626.962208302
204,9671,626.962208302
205,9672,626.962208302
206,9673,626.962208302
207,9674,626.962208302
208,9675,626.962208302
209,9676,626.962208302
210,9677,626.962208302
211,9678,626.962208302
212,9679,626.962208302
213,9680,626.962208302
214,9680,626.962208302
215,9680,626.962208302
216,9681,626.962208302
217,9682,626.962208302
218,9682,626.962208302
219,9683,626.962208302
220,9683,626.962208302
221,9684,626.962208302
221,9685,626.962208302
221,9686,626.962208302
221,9687,626.962208302
221,9688,626.962208302
222,9689,626.962208302
223,9689,626.962208302
224,9689,626.962208302
225,9689,626.962208302
226,9690,626.962208302
227,9691,626.962208302
228,9691,626.962208302
229,9691,626.962208302
230,9692,626.962208302
231,9692,626.962208302
232,9693,626.962208302
233,9693,626.962208302
234,9694,626.962208302
235,9694,626.962208302
236,9695,626.962208302
237,9696,626.962208302
238,9697,626.962208302
239,9698,626.962208302
239,9699,626.962208302
240,9700,626.962208302
241,9701,626.962208302
242,9701,626.962208302
243,9702,626.962208302
244,9703,626.962208302
245,9704,626.962208302
246,9705,626.962208302
247,9706,626.962208302
248,9706,626.962208302
249,9707,626.962208302
250,9708,626.962208302
251,9709,626.962208302
252,9709,626.962208302
253,9709,626.962208302
254,9710,626.962208302
255,9710,626.962208302
256,9711,626.962208302
257,9712,626.962208302
258,9713,626.962208302
259,9713,626.962208302
260,9713,626.962208302
261,9713,626.962208302
262,9714,626.962208302
263,9715,626.962208302
263,9716,626.962208302
264,9717,626.962208302
264,9718,626.962208302
265,9719,626.962208302
266,9720,626.962208302
267,9721,626.962208302
268,9721,626.962208302
269,9722,626.962208302
269,9723,626.962208302
270,9724,626.962208302
271,9724,626.962208302
272,9725,626.962208302
273,9726,626.962208302
274,9727,626.962208302
275,9728,626.962208302
276,9729,626.962208302
277,9730,626.962208302
278,9731,626.962208302
279,9732,626.962208302
279,9733,626.962208302
280,9734,626.962208302
281,9735,626.962208302
282,9736,626.962208302
283,9737,626.962208302
283,9738,626.962208302
284,9739,626.962208302
285,9740,626.962208302
286,9741,626.962208302
287,9741,626.962208302
288,9742,626.962208302
289,9743,626.962208302
290,9744,626.962208302
290,9745,626.962208302
291,9746,626.962208302
292,9746,626.962208302
293,9747,626.962208302
293,9748,626.962208302
294,9749,626.962208302
295,9749,626.962208302
296,9749,626.962208302
297,9750,626.962208302
298,9751,626.962208302
299,9752,626.962208302
300,9753,626.962208302
301,9754,626.962208302
302,9754,626.962208302
303,9755,626.962208302
304,9755,626.962208302
305,9755,626.962208302
306,9755,626.962208302
307,9755,626.962208302
308,9755,626.962208302
309,9755,626.962208302
310,9755,626.962208302
311,9756,626.962208302
311,9757,626.962208302
311,9758,626.962208302
312,9759,626.962208302
313,9760,626.962208302
313,9761,626.962208302
314,9762,626.962208302
315,9762,626.962208302
316,9763,626.962208302
317,9764,626.962208302
318,9765,626.962208302
319,9765,626.962208302
320,9766,626.962208302
320,9767,626.962208302
321,9768,626.962208302
322,9769,626.962208302
322,9770,626.962208302
323,9771,626.962208302
324,9772,626.962208302
325,9772,626.962208302
326,9773,626.962208302
327,9774,626.962208302
328,9775,626.962208302
329,9776,626.962208302
330,9776,626.962208302
331,9776,626.962208302
332,9777,626.962208302
333,9778,626.962208302
334,9779,626.962208302
335,9779,626.962208302
336,9779,626.962208302
337,9780,626.962208302
337,9781,626.962208302
338,9782,626.962208302
339,9783,626.962208302
340,9784,626.962208302
341,9785,626.962208302
342,9785,626.962208302
343,9786,626.962208302
344,9786,626.962208302
345,9786,626.962208302
346,9787,626.962208302
347,9787,626.962208302
348,9788,626.962208302
349,9789,626.962208302
350,9790,626.962208302
351,9791,626.962208302
352,9792,626.962208302
353,9793,626.962208302
354,9794,626.962208302
355,9795,626.962208302
356,9796,626.962208302
357,9797,626.962208302
357,9798,626.962208302
358,9799,626.962208302
359,9800,626.962208302
360,9801,626.962208302
361,9802,626.962208302
362,9803,626.962208302
363,9803,626.962208302
364,9804,626.962208302
365,9805,626.962208302
366,9805,626.962208302
367,9806,626.962208302
368,9806,626.962208302
369,9807,626.962208302
370,9807,626.962208302
371,9807,626.962208302
372,9807,626.962208302
373,9807,626.962208302
374,9807,626.962208302
375,9808,626.962208302
376,9809,626.962208302
377,9810,626.962208302
378,9811,626.962208302
379,9811,626.962208302
380,9812,626.962208302
381,9813,626.962208302
382,9814,626.962208302
383,9815,626.962208302
384,9815,626.962208302
385,9815,626.962208302
386,9816,626.962208302
387,9816,626.962208302
388,9817,626.962208302
389,9818,626.962208302
389,9819,626.962208302
389,9820,626.962208302
390,9821,626.962208302
391,9822,626.962208302
392,9823,626.962208302
393,9824,626.962208302
394,9825,626.962208302
395,9825,626.962208302
396,9825,626.962208302
397,9826,626.962208302
398,9827,626.962208302
398,9828,626.962208302
399,9829,626.962208302
400,9830,626.962208302
401,9831,626.962208302
402,9832,626.962208302
403,9833,626.962208302
404,9833,626.962208302
405,9833,626.962208302
406,9834,626.962208302
406,9835,626.962208302
406,9836,626.962208302
407,9837,626.962208302
408,9838,626.962208302
409,9838,626.962208302
410,9839,626.962208302
411,9839,626.962208302
412,9839,626.962208302
413,9840,626.962208302
414,9840,626.962208302
415,9840,626.962208302
416,9841,626.962208302
417,9842,626.962208302
418,9843,626.962208302
418,9844,626.962208302
418,9845,626.962208302
419,9846,626.962208302
420,9847,626.962208302
421,9848,626.962208302
422,9848,626.962208302
423,9849,626.962208302
423,9850,626.962208302
424,9851,626.962208302
425,9852,626.962208302
426,9852,626.962208302
427,9853,626.962208302
427,9854,626.962208302
428,9855,626.962208302
429,9856,626.962208302
430,9857,626.962208302
430,9858,626.962208302
431,9859,626.962208302
431,9860,626.962208302
431,9861,626.962208302
432,9862,626.962208302
433,9863,626.962208302
434,9864,626.962208302
434,9865,626.962208302
435,9866,626.962208302
436,9867,626.962208302
437,9868,626.962208302
437,9869,626.962208302
438,9870,626.962208302
439,9871,626.962208302
440,9872,626.962208302
441,9873,626.962208302
442,9873,626.962208302
443,9873,626.962208302
444,9873,626.962208302
445,9874,626.962208302
446,9875,626.962208302
447,9876,626.962208302
448,9877,626.962208302
449,9877,626.962208302
450,9878,626.962208302
450,9879,626.962208302
451,9880,626.962208302
452,9881,626.962208302
453,9881,626.962208302
454,9881,626.962208302
455,9882,626.962208302
456,9883,626.962208302
457,9884,626.962208302
458,9885,626.962208302
459,9885,626.962208302
460,9886,626.962208302
461,9887,626.962208302
462,9888,626.962208302
463,9888,626.962208302
464,9889,626.962208302
465,9889,626.962208302
466,9890,626.962208302
467,9891,626.962208302
468,9892,626.962208302
469,9893,626.962208302
470,9894,626.962208302
470,9895,626.962208302
471,9896,626.962208302
472,9897,626.962208302
473,9898,626.962208302
474,9899,626.962208302
475,9900,626.962208302
476,9901,626.962208302
477,9902,626.962208302
478,9903,626.962208302
479,9904,626.962208302
480,9905,626.962208302
481,9906,626.962208302
482,9907,626.962208302
483,9908,626.962208302
484,9909,626.962208302
485,9909,626.962208302
486,9910,626.962208302
487,9911,626.962208302
488,9912,626.962208302
488,9913,626.962208302
488,9914,626.962208302
488,9915,626.962208302
489,9916,626.962208302
490,9917,626.962208302
491,9918,626.962208302
492,9918,626.962208302
493,9918,626.962208302
494,9918,626.962208302
495,9919,626.962208302
496,9920,626.962208302
497,9920,626.962208302
498,9921,626.962208302
499,9921,626.962208302
500,9921,626.962208302
501,9922,626.962208302
502,9922,626.962208302
503,9922,626.962208302
504,9923,626.962208302
505,9923,626.962208302
506,9924,626.962208302
507,9924,626.962208302
508,9925,626.962208302
509,9926,626.962208302
510,9927,626.962208302
510,9928,626.962208302
510,9929,626.962208302
511,9930,626.962208302
512,9930,626.962208302
513,9931,626.962208302
514,9931,626.962208302
515,9932,626.962208302
516,9933,626.962208302
517,9934,626.962208302
517,9935,626.962208302
518,9936,626.962208302
519,9937,626.962208302
520,9938,626.962208302
520,9939,626.962208302
520,9940,626.962208302
521,9941,626.962208302
522,9942,626.962208302
523,9943,626.962208302
524,9944,626.962208302
525,9945,626.962208302
526,9946,626.962208302
527,9947,626.962208302
528,9948,626.962208302
528,9949,626.962208302
529,9950,626.962208302
530,9950,626.962208302
531,9951,626.962208302
531,9952,626.962208302
532,9953,626.962208302
533,9954,626.962208302
534,9955,626.962208302
535,9956,626.962208302
536,9957,626.962208302
537,9957,626.962208302
538,9957,626.962208302
539,9957,626.962208302
540,9958,626.962208302
541,9959,626.962208302
542,9960,626.962208302
542,9961,626.962208302
542,9962,626.962208302
543,9963,626.962208302
544,9964,626.962208302
545,9964,626.962208302
546,9964,626.962208302
547,9965,626.962208302
548,9966,626.962208302
548,9967,626.962208302
549,9968,626.962208302
550,9969,626.962208302
551,9970,626.962208302
552,9971,626.962208302
553,9972,626.962208302
554,9973,626.962208302
555,9974,626.962208302
556,9975,626.962208302
557,9975,626.962208302
558,9976,626.962208302
559,9977,626.962208302
560,9977,626.962208302
561,9978,626.962208302
562,9979,626.962208302
563,9980,626.962208302
564,9981,626.962208302
565,9981,626.962208302
566,9982,626.962208302
567,9983,626.962208302
568,9984,626.962208302
569,9984,626.962208302
570,9985,626.962208302
571,9986,626.962208302
572,9987,626.962208302
573,9988,626.962208302
574,9988,626.962208302
575,9989,626.962208302
576,9989,626.962208302
577,9990,626.962208302
578,9990,626.962208302
579,9991,626.962208302
580,9992,626.962208302
580,9993,626.962208302
580,9994,626.962208302
581,9995,626.962208302
582,9996,626.962208302
583,9997,626.962208302
584,9998,626.962208302
585,9998,626.962208302
586,9998,626.962208302
587,9999,626.962208302
588,10000,626.962208302
588,10001,626.962208302
589,10002,626.962208302
590,10003,626.962208302
591,10003,626.962208302
592,10003,626.962208302
593,10004,626.962208302
594,10005,626.962208302
595,10006,626.962208302
596,10007,626.962208302
597,10008,626.962208302
598,10009,626.962208302
599,10010,626.962208302
600,10010,626.962208302
601,10010,626.962208302
602,10010,626.962208302
603,10010,626.962208302
604,10010,626.962208302
605,10010,626.962208302
606,10011,626.962208302
607,10012,626.962208302
608,10013,626.962208302
608,10014,626.962208302
609,10015,626.962208302
610,10016,626.962208302
611,10016,626.962208302
612,10016,626.962208302
613,10016,626.962208302
614,10017,626.962208302
615,10017,626.962208302
616,10018,626.962208302
617,10018,626.962208302
618,10019,626.962208302
618,10020,626.962208302
619,10021,626.962208302
620,10022,626.962208302
621,10023,626.962208302
622,10024,626.962208302
623,10025,626.962208302
623,10026,626.962208302
624,10027,626.962208302
624,10028,626.962208302
625,10029,626.962208302
626,10030,626.962208302
627,10031,626.962208302
628,10032,626.962208302
629,10033,626.962208302
630,10034,626.962208302
631,10035,626.962208302
632,10036,626.962208302
633,10037,626.962208302
634,10038,626.962208302
634,10039,626.962208302
634,10040,626.962208302
634,10041,626.962208302
634,10042,626.962208302
634,10043,626.962208302
635,10044,626.962208302
636,10045,626.962208302
637,10045,626.962208302
638,10046,626.962208302
639,10047,626.962208302
640,10048,626.962208302
641,10049,626.962208302
642,10050,626.962208302
643,10051,626.962208302
644,10052,626.962208302
645,10053,626.962208302
646,10053,626.962208302
647,10054,626.962208302
648,10054,626.962208302
649,10055,626.962208302
650,10055,626.962208302
651,10056,626.962208302
652,10057,626.962208302
653,10058,626.962208302
654,10058,626.962208302
655,10058,626.962208302
656,10059,626.962208302
656,10060,626.962208302
656,10061,626.962208302
657,10062,626.962208302
658,10063,626.962208302
659,10063,626.962208302
660,10063,626.962208302
661,10064,626.962208302
662,10065,626.962208302
663,10066,626.962208302
664,10067,626.962208302
665,10068,626.962208302
666,10068,626.962208302
667,10069,626.962208302
668,10070,626.962208302
669,10071,626.962208302
670,10072,626.962208302
671,10073,626.962208302
672,10073,626.962208302
673,10074,626.962208302
673,10075,626.962208302
674,10076,626.962208302
675,10077,626.962208302
676,10078,626.962208302
677,10079,626.962208302
677,10080,626.962208302
678,10081,626.962208302
679,10082,626.962208302
680,10082,626.962208302
681,10082,626.962208302
682,10082,626.962208302
683,10083,626.962208302
684,10084,626.962208302
685,10084,626.962208302
686,10084,626.962208302
687,10084,626.962208302
688,10085,626.962208302
689,10086,626.962208302
690,10087,626.962208302
691,10088,626.962208302
692,10089,626.962208302
693,10090,626.962208302
694,10091,626.962208302
695,10092,626.962208302
695,10093,626.962208302
696,10094,626.962208302
696,10095,626.962208302
697,10096,626.962208302
698,10097,626.962208302
699,10098,626.962208302
700,10098,626.962208302
701,10099,626.962208302
702,10100,626.962208302
703,10101,626.962208302
704,10102,626.962208302
705,10103,626.962208302
706,10104,626.962208302
707,10104,626.962208302
708,10105,626.962208302
709,10105,626.962208302
710,10106,626.962208302
711,10107,626.962208302
712,10108,626.962208302
712,10109,626.962208302
713,10110,626.962208302
713,10111,626.962208302
714,10112,626.962208302
715,10113,626.962208302
716,10114,626.962208302
717,10115,626.962208302
718,10115,626.962208302
719,10115,626.962208302
720,10115,626.962208302
721,10116,626.962208302
722,10117,626.962208302
723,10118,626.962208302
724,10118,626.962208302
725,10118,626.962208302
726,10119,626.962208302
727,10120,626.962208302
728,10121,626.962208302
728,10122,626.962208302
729,10123,626.962208302
730,10124,626.962208302
731,10125,626.962208302
732,10126,626.962208302
733,10127,626.962208302
734,10128,626.962208302
735,10129,626.962208302
736,10130,626.962208302
736,10131,626.962208302
737,10132,626.962208302
738,10133,626.962208302
739,10134,626.962208302
740,10134,626.962208302
741,10135,626.962208302
742,10136,626.962208302
743,10137,626.962208302
743,10138,626.962208302
744,10139,626.962208302
745,10140,626.962208302
746,10141,626.962208302
747,10141,626.962208302
748,10142,626.962208302
749,10143,626.962208302
750,10144,626.962208302
751,10145,626.962208302
752,10146,626.962208302
753,10147,626.962208302
754,10148,626.962208302
754,10149,626.962208302
755,10150,626.962208302
756,10150,626.962208302
757,10150,626.962208302
758,10150,626.962208302
759,10150,626.962208302
760,10150,626.962208302
761,10151,626.962208302
762,10152,626.962208302
763,10152,626.962208302
764,10153,626.962208302
765,10153,626.962208302
766,10154,626.962208302
767,10155,626.962208302
768,10156,626.962208302
769,10157,626.962208302
770,10157,626.962208302
771,10157,626.962208302
772,10157,626.962208302
773,10158,626.962208302
774,10159,626.962208302
774,10160,626.962208302
775,10161,626.962208302
776,10161,626.962208302
777,10162,626.962208302
777,10163,626.962208302
778,10164,626.962208302
779,10165,626.962208302
780,10166,626.962208302
780,10167,626.962208302
781,10168,626.962208302
782,10169,626.962208302
783,10170,626.962208302
784,10170,626.962208302
785,10171,626.962208302
786,10171,626.962208302
787,10172,626.962208302
788,10173,626.962208302
789,10174,626.962208302
790,10174,626.962208302
791,10175,626.962208302
792,10175,626.962208302
793,10176,626.962208302
794,10177,626.962208302
795,10178,626.962208302
796,10178,626.962208302
797,10179,626.962208302
798,10180,626.962208302
799,10181,626.962208302
800,10182,626.962208302
801,10183,626.962208302
802,10184,626.962208302
803,10185,626.962208302
804,10186,626.962208302
805,10187,626.962208302
806,10187,626.962208302
807,10188,626.962208302
807,10189,626.962208302
808,10190,626.962208302
809,10191,626.962208302
810,10192,626.962208302
811,10193,626.962208302
812,10194,626.962208302
813,10195,626.962208302
814,10196,626.962208302
815,10197,626.962208302
816,10198,626.962208302
817,10199,626.962208302
818,10200,626.962208302
819,10200,626.962208302
820,10200,626.962208302
821,10200,626.962208302
822,10200,626.962208302
823,10201,626.962208302
824,10201,626.962208302
825,10202,626.962208302
825,10203,626.962208302
826,10204,626.962208302
827,10204,626.962208302
828,10205,626.962208302
829,10206,626.962208302
830,10206,626.962208302
831,10206,626.962208302
832,10207,626.962208302
833,10208,626.962208302
834,10209,626.962208302
835,10209,626.962208302
836,10209,626.962208302
837,10210,626.962208302
838,10211,626.962208302
839,10212,626.962208302
840,10213,626.962208302
841,10214,626.962208302
842,10215,626.962208302
843,10216,626.962208302
844,10217,626.962208302
845,10217,626.962208302
846,10218,626.962208302
847,10218,626.962208302
848,10218,626.962208302
849,10218,626.962208302
850,10219,626.962208302
851,10220,626.962208302
852,10221,626.962208302
853,10222,626.962208302
854,10223,626.962208302
855,10224,626.962208302
856,10225,626.962208302
857,10226,626.962208302
858,10227,626.962208302
858,10228,626.962208302
858,10229,626.962208302
858,10230,626.962208302
859,10231,626.962208302
860,10231,626.962208302
861,10231,626.962208302
862,10231,626.962208302
863,10232,626.962208302
864,10233,626.962208302
865,10234,626.962208302
866,10235,626.962208302
867,10236,626.962208302
867,10237,626.962208302
868,10238,626.962208302
869,10238,626.962208302
870,10238,626.962208302
871,10239,626.962208302
872,10239,626.962208302
873,10240,626.962208302
873,10241,626.962208302
874,10242,626.962208302
875,10243,626.962208302
876,10243,626.962208302
877,10243,626.962208302
878,10244,626.962208302
879,10245,626.962208302
880,10246,626.962208302
881,10247,626.962208302
882,10248,626.962208302
883,10249,626.962208302
884,10250,626.962208302
885,10251,626.962208302
886,10252,626.962208302
887,10253,626.962208302
888,10254,626.962208302
889,10254,626.962208302
890,10255,626.962208302
891,10256,626.962208302
892,10257,626.962208302
893,10258,626.962208302
894,10259,626.962208302
895,10260,626.962208302
895,10261,626.962208302
896,10262,626.962208302
897,10263,626.962208302
898,10264,626.962208302
899,10265,626.962208302
899,10266,626.962208302
900,10267,626.962208302
901,10268,626.962208302
902,10269,626.962208302
902,10270,626.962208302
902,10271,626.962208302
903,10272,626.962208302
904,10273,626.962208302
904,10274,626.962208302
905,10275,626.962208302
906,10276,626.962208302
907,10277,626.962208302
908,10277,626.962208302
909,10278,626.962208302
910,10279,626.962208302
911,10280,626.962208302
912,10281,626.962208302
912,10282,626.962208302
912,10283,626.962208302
913,10284,626.962208302
914,10285,626.962208302
915,10286,626.962208302
916,10287,626.962208302
917,10288,626.962208302
918,10288,626.962208302
919,10289,626.962208302
920,10289,626.962208302
921,10290,626.962208302
922,10291,626.962208302
922,10292,626.962208302
923,10293,626.962208302
923,10294,626.962208302
924,10295,626.962208302
925,10296,626.962208302
926,10297,626.962208302
926,10298,626.962208302
927,10299,626.962208302
928,10299,626.962208302
929,10300,626.962208302
930,10301,626.962208302
930,10302,626.962208302
931,10303,626.962208302
932,10303,626.962208302
933,10303,626.962208302
934,10304,626.962208302
934,10305,626.962208302
934,10306,626.962208302
935,10307,626.962208302
936,10308,626.962208302
937,10309,626.962208302
937,10310,626.962208302
938,10311,626.962208302
939,10311,626.962208302
940,10312,626.962208302
941,10312,626.962208302
942,10313,626.962208302
943,10314,626.962208302
944,10314,626.962208302
945,10314,626.962208302
946,10315,626.962208302
946,10316,626.962208302
946,10317,626.962208302
947,10318,626.962208302
948,10319,626.962208302
949,10320,626.962208302
950,10321,626.962208302
951,10322,626.962208302
952,10323,626.962208302
953,10324,626.962208302
954,10325,626.962208302
955,10326,626.962208302
956,10327,626.962208302
957,10328,626.962208302
958,10329,626.962208302
959,10329,626.962208302
960,10329,626.962208302
961,10330,626.962208302
962,10331,626.962208302
963,10331,626.962208302
964,10332,626.962208302
965,10333,626.962208302
965,10334,626.962208302
966,10335,626.962208302
967,10336,626.962208302
968,10337,626.962208302
969,10338,626.962208302
970,10339,626.962208302
971,10340,626.962208302
972,10341,626.962208302
972,10342,626.962208302
973,10343,626.962208302
974,10344,626.962208302
975,10344,626.962208302
976,10345,626.962208302
977,10346,626.962208302
977,10347,626.962208302
977,10348,626.962208302
978,10349,626.962208302
979,10350,626.962208302
980,10351,626.962208302
981,10352,626.962208302
982,10353,626.962208302
983,10354,626.962208302
984,10355,626.962208302
984,10356,626.962208302
985,10357,626.962208302
986,10357,626.962208302
987,10357,626.962208302
988,10358,626.962208302
989,10358,626.962208302
990,10358,626.962208302
991,10359,626.962208302
992,10359,626.962208302
993,10360,626.962208302
994,10360,626.962208302
995,10360,626.962208302
996,10360,626.962208302
997,10360,626.962208302
998,10360,626.962208302
999,10360,626.962208302
1000,10360,626.962208302
1001,10360,626.962208302
1002,10360,626.962208302
1003,10361,626.962208302
1003,10362,626.962208302
1004,10363,626.962208302
1005,10363,626.962208302
1006,10363,626.962208302
1007,10364,626.962208302
1008,10365,626.962208302
1009,10366,626.962208302
1010,10367,626.962208302
1011,10368,626.962208302
1012,10369,626.962208302
1013,10370,626.962208302
1014,10371,626.962208302
1015,10372,626.962208302
1016,10373,626.962208302
1017,10374,626.962208302
1018,10375,626.962208302
1019,10376,626.962208302
1020,10376,626.962208302
1021,10376,626.962208302
1022,10377,626.962208302
1023,10378,626.962208302
1023,10379,626.962208302
1024,10380,626.962208302
1024,10381,626.962208302
1025,10382,626.962208302
1026,10382,626.962208302
1027,10383,626.962208302
1027,10384,626.962208302
1028,10385,626.962208302
1029,10385,626.962208302
1030,10385,626.962208302
1031,10386,626.962208302
1032,10386,626.962208302
1033,10387,626.962208302
1034,10388,626.962208302
1034,10389,626.962208302
1035,10390,626.962208302
1036,10391,626.962208302
1037,10391,626.962208302
1038,10392,626.962208302
1039,10392,626.962208302
1040,10393,626.962208302
1041,10394,626.962208302
1042,10395,626.962208302
1043,10396,626.962208302
1044,10397,626.962208302
1045,10398,626.962208302
1046,10398,626.962208302
1047,10398,626.962208302
1048,10399,626.962208302
1049,10400,626.962208302
1049,10401,626.962208302
1050,10402,626.962208302
1051,10403,626.962208302
1051,10404,626.962208302
1052,10405,626.962208302
1053,10406,626.962208302
1054,10407,626.962208302
1055,10407,626.962208302
1056,10408,626.962208302
1057,10409,626.962208302
1058,10410,626.962208302
1059,10411,626.962208302
1060,10411,626.962208302
1061,10412,626.962208302
1062,10412,626.962208302
1063,10412,626.962208302
1064,10413,626.962208302
1065,10414,626.962208302
1066,10415,626.962208302
1067,10415,626.962208302
1068,10415,626.962208302
1069,10416,626.962208302
1070,10416,626.962208302
1071,10416,626.962208302
1072,10417,626.962208302
1073,10417,626.962208302
1074,10417,626.962208302
1075,10417,626.962208302
1076,10418,626.962208302
1077,10419,626.962208302
1078,10420,626.962208302
1079,10420,626.962208302
1080,10421,626.962208302
1081,10422,626.962208302
1082,10423,626.962208302
1083,10424,626.962208302
1084,10425,626.962208302
1085,10425,626.962208302
1086,10425,626.962208302
1087,10426,626.962208302
1087,10427,626.962208302
1088,10428,626.962208302
1089,10428,626.962208302
1090,10429,626.962208302
1091,10430,626.962208302
1091,10431,626.962208302
1091,10432,626.962208302
1092,10433,626.962208302
1093,10433,626.962208302
1094,10434,626.962208302
1095,10435,626.962208302
1096,10436,626.962208302
1097,10437,626.962208302
1098,10438,626.962208302
1099,10439,626.962208302
1100,10440,626.962208302
1101,10441,626.962208302
1102,10442,626.962208302
1103,10442,626.962208302
1104,10443,626.962208302
1105,10444,626.962208302
1106,10445,626.962208302
1106,10446,626.962208302
1107,10447,626.962208302
1108,10447,626.962208302
1109,10447,626.962208302
1110,10447,626.962208302
1111,10447,626.962208302
1112,10448,626.962208302
1112,10449,626.962208302
1112,10450,626.962208302
1112,10451,626.962208302
1113,10452,626.962208302
1113,10453,626.962208302
1113,10454,626.962208302
1114,10455,626.962208302
1115,10456,626.962208302
1116,10457,626.962208302
1117,10458,626.962208302
1118,10458,626.962208302
1119,10459,626.962208302
1120,10460,626.962208302
1120,10461,626.962208302
1121,10462,626.962208302
1122,10463,626.962208302
1123,10464,626.962208302
1124,10464,626.962208302
1125,10465,626.962208302
1126,10466,626.962208302
1127,10466,626.962208302
1128,10467,626.962208302
1129,10468,626.962208302
1129,10469,626.962208302
1130,10470,626.962208302
1131,10471,626.962208302
1132,10472,626.962208302
1133,10473,626.962208302
1134,10474,626.962208302
1135,10475,626.962208302
1136,10476,626.962208302
1137,10477,626.962208302
1138,10478,626.962208302
1139,10479,626.962208302
1140,10480,626.962208302
1140,10481,626.962208302
1141,10482,626.962208302
1142,10483,626.962208302
1143,10484,626.962208302
1144,10485,626.962208302
1145,10485,626.962208302
1146,10486,626.962208302
1146,10487,626.962208302
1147,10488,626.962208302
1148,10489,626.962208302
1149,10490,626.962208302
1150,10491,626.962208302
1151,10492,626.962208302
1152,10493,626.962208302
1153,10493,626.962208302
1154,10493,626.962208302
1155,10493,626.962208302
1156,10494,626.962208302
1156,10495,626.962208302
1157,10496,626.962208302
1158,10497,626.962208302
1159,10497,626.962208302
1160,10498,626.962208302
1161,10498,626.962208302
1162,10499,626.962208302
1163,10500,626.962208302
1164,10501,626.962208302
1165,10502,626.962208302
1166,10503,626.962208302
1167,10504,626.962208302
1168,10505,626.962208302
1168,10506,626.962208302
1169,10507,626.962208302
1170,10508,626.962208302
1171,10509,626.962208302
1172,10509,626.962208302
1173,10510,626.962208302
1174,10511,626.962208302
1175,10512,626.962208302
1176,10513,626.962208302
1177,10514,626.962208302
1178,10515,626.962208302
1179,10516,626.962208302
1180,10517,626.962208302
1181,10517,626.962208302
1182,10518,626.962208302
1182,10519,626.962208302
1183,10520,626.962208302
1184,10520,626.962208302
1185,10521,626.962208302
1186,10521,626.962208302
1187,10522,626.962208302
1188,10523,626.962208302
1189,10524,626.962208302
1190,10525,626.962208302
1191,10526,626.962208302
1192,10526,626.962208302
1193,10526,626.962208302
1194,10527,626.962208302
1194,10528,626.962208302
1195,10529,626.962208302
1196,10530,626.962208302
1196,10531,626.962208302
1197,10532,626.962208302
1198,10532,626.962208302
1199,10533,626.962208302
1200,10534,626.962208302
1201,10534,626.962208302
1202,10535,626.962208302
1203,10536,626.962208302
1204,10537,626.962208302
1205,10538,626.962208302
1206,10538,626.962208302
1207,10539,626.962208302
1208,10540,626.962208302
1208,10541,626.962208302
1209,10542,626.962208302
1209,10543,626.962208302
1210,10544,626.962208302
1211,10545,626.962208302
1212,10546,626.962208302
1213,10546,626.962208302
1214,10547,626.962208302
1215,10548,626.962208302
1215,10549,626.962208302
1216,10550,626.962208302
1217,10551,626.962208302
1217,10552,626.962208302
1218,10553,626.962208302
1218,10554,626.962208302
1219,10555,626.962208302
1220,10556,626.962208302
1221,10557,626.962208302
1221,10558,626.962208302
1221,10559,626.962208302
1222,10560,626.962208302
1223,10561,626.962208302
1224,10562,626.962208302
1225,10563,626.962208302
1226,10564,626.962208302
1226,10565,626.962208302
1227,10566,626.962208302
1228,10567,626.962208302
1229,10568,626.962208302
1229,10569,626.962208302
1230,10570,626.962208302
1231,10571,626.962208302
1232,10571,626.962208302
1233,10571,626.962208302
1234,10572,626.962208302
1234,10573,626.962208302
1235,10574,626.962208302
1236,10575,626.962208302
1237,10576,626.962208302
1238,10577,626.962208302
1239,10578,626.962208302
1240,10579,626.962208302
1241,10580,626.962208302
1242,10581,626.962208302
1243,10582,626.962208302
1243,10583,626.962208302
1243,10584,626.962208302
1244,10585,626.962208302
1245,10586,626.962208302
1246,10587,626.962208302
1247,10588,626.962208302
1248,10589,626.962208302
1249,10589,626.962208302
1250,10589,626.962208302
1251,10590,626.962208302
1251,10591,626.962208302
1252,10592,626.962208302
1253,10593,626.962208302
1254,10594,626.962208302
1255,10595,626.962208302
1256,10596,626.962208302
1256,10597,626.962208302
1256,10598,626.962208302
1256,10599,626.962208302
1257,10600,626.962208302
1258,10601,626.962208302
1259,10602,626.962208302
1260,10603,626.962208302
1261,10604,626.962208302
1262,10605,626.962208302
1263,10606,626.962208302
1264,10607,626.962208302
1265,10608,626.962208302
1266,10609,626.962208302
1267,10610,626.962208302
1268,10611,626.962208302
1268,10612,626.962208302
1269,10613,626.962208302
1270,10614,626.962208302
1271,10615,626.962208302
1272,10616,626.962208302
1273,10617,626.962208302
1274,10618,626.962208302
1275,10619,626.962208302
1276,10620,626.962208302
1277,10621,626.962208302
1278,10622,626.962208302
1279,10623,626.962208302
1280,10624,626.962208302
1281,10625,626.962208302
1282,10625,626.962208302
1283,10626,626.962208302
1284,10627,626.962208302
1285,10628,626.962208302
1286,10629,626.962208302
1287,10630,626.962208302
1288,10631,626.962208302
1289,10632,626.962208302
1290,10633,626.962208302
1291,10634,626.962208302
1292,10635,626.962208302
1293,10636,626.962208302
1294,10637,626.962208302
1294,10638,626.962208302
1295,10639,626.962208302
1296,10640,626.962208302
1297,10641,626.962208302
1298,10642,626.962208302
1299,10642,626.962208302
1300,10643,626.962208302
1301,10644,626.962208302
1301,10645,626.962208302
1302,10646,626.962208302
1303,10646,626.962208302
1304,10647,626.962208302
1305,10648,626.962208302
1305,10649,626.962208302
1306,10650,626.962208302
1307,10651,626.962208302
1308,10652,626.962208302
1308,10653,626.962208302
1309,10654,626.962208302
1310,10655,626.962208302
1311,10656,626.962208302
1312,10656,626.962208302
1313,10656,626.962208302
1314,10657,626.962208302
1315,10657,626.962208302
1316,10658,626.962208302
1317,10659,626.962208302
1317,10660,626.962208302
1318,10661,626.962208302
1319,10662,626.962208302
1320,10663,626.962208302
1321,10664,626.962208302
1322,10664,626.962208302
1323,10665,626.962208302
1324,10666,626.962208302
1325,10667,626.962208302
1326,10667,626.962208302
1327,10667,626.962208302
1328,10668,626.962208302
1329,10669,626.962208302
1330,10670,626.962208302
1331,10671,626.962208302
1331,10672,626.962208302
1332,10673,626.962208302
1333,10674,626.962208302
1334,10675,626.962208302
1335,10676,626.962208302
1336,10676,626.962208302
1337,10677,626.962208302
1338,10678,626.962208302
1339,10679,626.962208302
1340,10680,626.962208302
1341,10680,626.962208302
1342,10681,626.962208302
1343,10682,626.962208302
1343,10683,626.962208302
1344,10684,626.962208302
1345,10685,626.962208302
1346,10686,626.962208302
1347,10687,626.962208302
1348,10688,626.962208302
1348,10689,626.962208302
1349,10690,626.962208302
1350,10691,626.962208302
1350,10692,626.962208302
1351,10693,626.962208302
1352,10694,626.962208302
1353,10695,626.962208302
1353,10696,626.962208302
1354,10697,626.962208302
1354,10698,626.962208302
1355,10699,626.962208302
1356,10699,626.962208302
1357,10700,626.962208302
1357,10701,626.962208302
1358,10702,626.962208302
1359,10703,626.962208302
1360,10704,626.962208302
1361,10705,626.962208302
1362,10706,626.962208302
1363,10707,626.962208302
1364,10707,626.962208302
1365,10708,626.962208302
1365,10709,626.962208302
1366,10710,626.962208302
1367,10711,626.962208302
1368,10711,626.962208302
1369,10712,626.962208302
1370,10713,626.962208302
1371,10713,626.962208302
1372,10713,626.962208302
1373,10713,626.962208302
1374,10713,626.962208302
1375,10713,626.962208302
1376,10713,626.962208302
1377,10714,626.962208302
1378,10714,626.962208302
1379,10715,626.962208302
1379,10716,626.962208302
1379,10717,626.962208302
1380,10718,626.962208302
1381,10718,626.962208302
1382,10718,626.962208302
1383,10718,626.962208302
1384,10718,626.962208302
1385,10718,626.962208302
1386,10719,626.962208302
1387,10720,626.962208302
1387,10721,626.962208302
1387,10722,626.962208302
1388,10723,626.962208302
1389,10723,626.962208302
1390,10724,626.962208302
1390,10725,626.962208302
1391,10726,626.962208302
1392,10726,626.962208302
1393,10726,626.962208302
1394,10727,626.962208302
1395,10727,626.962208302
1396,10728,626.962208302
1397,10729,626.962208302
1398,10729,626.962208302
1399,10730,626.962208302
1399,10731,626.962208302
1400,10732,626.962208302
1400,10733,626.962208302
1400,10734,626.962208302
1400,10735,626.962208302
1401,10736,626.962208302
1402,10737,626.962208302
1403,10738,626.962208302
1404,10739,626.962208302
1405,10740,626.962208302
1406,10740,626.962208302
1407,10741,626.962208302
1408,10741,626.962208302
1409,10741,626.962208302
1410,10742,626.962208302
1411,10742,626.962208302
1412,10743,626.962208302
1412,10744,626.962208302
1413,10745,626.962208302
1414,10745,626.962208302
1415,10745,626.962208302
1416,10745,626.962208302
1417,10745,626.962208302
1418,10745,626.962208302
1419,10745,626.962208302
1420,10745,626.962208302
1421,10746,626.962208302
1421,10747,626.962208302
1422,10748,626.962208302
1423,10749,626.962208302
1424,10750,626.962208302
1424,10751,626.962208302
1424,10752,626.962208302
1425,10753,626.962208302
1425,10754,626.962208302
1426,10755,626.962208302
1426,10756,626.962208302
1427,10757,626.962208302
1428,10758,626.962208302
1429,10759,626.962208302
1430,10760,626.962208302
1431,10761,626.962208302
1431,10762,626.962208302
1432,10763,626.962208302
1433,10764,626.962208302
1434,10764,626.962208302
1435,10764,626.962208302
1436,10765,626.962208302
1436,10766,626.962208302
1436,10767,626.962208302
1437,10768,626.962208302
1438,10769,626.962208302
1439,10770,626.962208302
1440,10771,626.962208302
1441,10772,626.962208302
1442,10773,626.962208302
1443,10774,626.962208302
1443,10775,626.962208302
1444,10776,626.962208302
1445,10777,626.962208302
1446,10778,626.962208302
1447,10779,626.962208302
1448,10779,626.962208302
1449,10779,626.962208302
1450,10779,626.962208302
1451,10780,626.962208302
1451,10781,626.962208302
1451,10782,626.962208302
1451,10783,626.962208302
1451,10784,626.962208302
1452,10785,626.962208302
1453,10786,626.962208302
1454,10787,626.962208302
1455,10788,626.962208302
1456,10789,626.962208302
1457,10790,626.962208302
1458,10791,626.962208302
1458,10792,626.962208302
1459,10793,626.962208302
1460,10793,626.962208302
1461,10794,626.962208302
1462,10795,626.962208302
1463,10795,626.962208302
1464,10796,626.962208302
1465,10797,626.962208302
1466,10798,626.962208302
1467,10799,626.962208302
1468,10799,626.962208302
1469,10800,626.962208302
1470,10801,626.962208302
1471,10801,626.962208302
1472,10801,626.962208302
1473,10801,626.962208302
1474,10802,626.962208302
1475,10802,626.962208302
1476,10803,626.962208302
1477,10803,626.962208302
1478,10804,626.962208302
1479,10805,626.962208302
1480,10806,626.962208302
1481,10807,626.962208302
1482,10808,626.962208302
1483,10808,626.962208302
1484,10809,626.962208302
1485,10810,626.962208302
1486,10811,626.962208302
1486,10812,626.962208302
1487,10813,626.962208302
1488,10813,626.962208302
1489,10813,626.962208302
1490,10813,626.962208302
1491,10813,626.962208302
1492,10813,626.962208302
1493,10813,626.962208302
1494,10813,626.962208302
1495,10814,626.962208302
1496,10814,626.962208302
1497,10814,626.962208302
1498,10815,626.962208302
1498,10816,626.962208302
1498,10817,626.962208302
1499,10818,626.962208302
1500,10819,626.962208302
1501,10820,626.962208302
1502,10821,626.962208302
1503,10822,626.962208302
1504,10823,626.962208302
1505,10824,626.962208302
1506,10825,626.962208302
1507,10826,626.962208302
1508,10827,626.962208302
1508,10828,626.962208302
1509,10829,626.962208302
1510,10829,626.962208302
1511,10830,626.962208302
1512,10831,626.962208302
1513,10832,626.962208302
1514,10833,626.962208302
1515,10833,626.962208302
1516,10834,626.962208302
1516,10835,626.962208302
1517,10836,626.962208302
1518,10837,626.962208302
1519,10838,626.962208302
1520,10838,626.962208302
1521,10838,626.962208302
1522,10839,626.962208302
1523,10839,626.962208302
1524,10840,626.962208302
1525,10841,626.962208302
1526,10841,626.962208302
1527,10841,626.962208302
1528,10842,626.962208302
1528,10843,626.962208302
1528,10844,626.962208302
1529,10845,626.962208302
1530,10845,626.962208302
1531,10846,626.962208302
1532,10847,626.962208302
1533,10848,626.962208302
1534,10849,626.962208302
1535,10849,626.962208302
1536,10850,626.962208302
1537,10851,626.962208302
1537,10852,626.962208302
1538,10853,626.962208302
1539,10853,626.962208302
1540,10854,626.962208302
1541,10855,626.962208302
1542,10856,626.962208302
1542,10857,626.962208302
1542,10858,626.962208302
1543,10859,626.962208302
1544,10860,626.962208302
1545,10861,626.962208302
1546,10862,626.962208302
1547,10862,626.962208302
1548,10863,626.962208302
1549,10864,626.962208302
1549,10865,626.962208302
1550,10866,626.962208302
1551,10866,626.962208302
1552,10866,626.962208302
1553,10867,626.962208302
1554,10868,626.962208302
1555,10869,626.962208302
1556,10869,626.962208302
1557,10869,626.962208302
1558,10870,626.962208302
1559,10871,626.962208302
1560,10872,626.962208302
1560,10873,626.962208302
1561,10874,626.962208302
1562,10874,626.962208302
1563,10875,626.962208302
1564,10876,626.962208302
1565,10876,626.962208302
1566,10876,626.962208302
1567,10877,626.962208302
1568,10877,626.962208302
1569,10878,626.962208302
1570,10879,626.962208302
1571,10880,626.962208302
1572,10881,626.962208302
1573,10882,626.962208302
1574,10882,626.962208302
1575,10883,626.962208302
1576,10883,626.962208302
1577,10883,626.962208302
1578,10884,626.962208302
1579,10885,626.962208302
1580,10886,626.962208302
1581,10887,626.962208302
1582,10888,626.962208302
1583,10888,626.962208302
1584,10889,626.962208302
1585,10890,626.962208302
1586,10891,626.962208302
1587,10892,626.962208302
1588,10893,626.962208302
1589,10894,626.962208302
1590,10894,626.962208302
1591,10894,626.962208302
1592,10895,626.962208302
1592,10896,626.962208302
1593,10897,626.962208302
1594,10898,626.962208302
1595,10899,626.962208302
1596,10900,626.962208302
1597,10901,626.962208302
1598,10902,626.962208302
1599,10902,626.962208302
1600,10902,626.962208302
1601,10903,626.962208302
1602,10904,626.962208302
1603,10904,626.962208302
1604,10905,626.962208302
1604,10906,626.962208302
1605,10907,626.962208302
1606,10907,626.962208302
1607,10908,626.962208302
1607,10909,626.962208302
1608,10910,626.962208302
1609,10911,626.962208302
1610,10912,626.962208302
1611,10912,626.962208302
1612,10912,626.962208302
1613,10913,626.962208302
1614,10914,626.962208302
1615,10915,626.962208302
1616,10916,626.962208302
1616,10917,626.962208302
1617,10918,626.962208302
1618,10919,626.962208302
1619,10920,626.962208302
1619,10921,626.962208302
1620,10922,626.962208302
1621,10922,626.962208302
1622,10923,626.962208302
1622,10924,626.962208302
1623,10925,626.962208302
1624,10926,626.962208302
1625,10927,626.962208302
1626,10927,626.962208302
1627,10927,626.962208302
1628,10928,626.962208302
1629,10929,626.962208302
1630,10929,626.962208302
1631,10929,626.962208302
1632,10930,626.962208302
1633,10931,626.962208302
1634,10932,626.962208302
1635,10933,626.962208302
1636,10934,626.962208302
1637,10934,626.962208302
1638,10935,626.962208302
1639,10936,626.962208302
1640,10936,626.962208302
1641,10937,626.962208302
1642,10937,626.962208302
1643,10937,626.962208302
1644,10937,626.962208302
1645,10938,626.962208302
1646,10939,626.962208302
1647,10939,626.962208302
1648,10940,626.962208302
1649,10941,626.962208302
1650,10942,626.962208302
1651,10942,626.962208302
1652,10943,626.962208302
1653,10943,626.962208302
1654,10944,626.962208302
1655,10944,626.962208302
1656,10944,626.962208302
1657,10944,626.962208302
1658,10944,626.962208302
1659,10944,626.962208302
1660,10944,626.962208302
1661,10944,626.962208302
1662,10944,626.962208302
1663,10945,626.962208302
1663,10946,626.962208302
1663,10947,626.962208302
1664,10948,626.962208302
1665,10949,626.962208302
1666,10950,626.962208302
1667,10951,626.962208302
1668,10951,626.962208302
1669,10951,626.962208302
1670,10951,626.962208302
1671,10952,626.962208302
1672,10953,626.962208302
1673,10954,626.962208302
1674,10955,626.962208302
1675,10955,626.962208302
1676,10955,626.962208302
1677,10956,626.962208302
1678,10956,626.962208302
1679,10956,626.962208302
1680,10956,626.962208302
1681,10957,626.962208302
1682,10957,626.962208302
1683,10958,626.962208302
1684,10959,626.962208302
1685,10959,626.962208302
1686,10960,626.962208302
1687,10960,626.962208302
1688,10960,626.962208302
1689,10960,626.962208302
1690,10960,626.962208302
1691,10960,626.962208302
1692,10961,626.962208302
1693,10961,626.962208302
1694,10961,626.962208302
1695,10961,626.962208302
1696,10961,626.962208302
1697,10961,626.962208302
1698,10961,626.962208302
1699,10961,626.962208302
1700,10961,626.962208302
1701,10961,626.962208302
1702,10961,626.962208302
1703,10961,626.962208302
1704,10961,626.962208302
1705,10961,626.962208302
1706,10961,626.962208302
1707,10961,626.962208302
1708,10961,626.962208302
1709,10961,626.962208302
1710,10961,626.962208302
1711,10962,626.962208302
1712,10963,626.962208302
1713,10964,626.962208302
1714,10965,626.962208302
1715,10965,626.962208302
1716,10965,626.962208302
1717,10965,626.962208302
1718,10965,626.962208302
1719,10965,626.962208302
1720,10966,626.962208302
1721,10967,626.962208302
1722,10968,626.962208302
1723,10968,626.962208302
1724,10968,626.962208302
1725,10968,626.962208302
1726,10968,626.962208302
1727,10968,626.962208302
1728,10968,626.962208302
1729,10968,626.962208302
1730,10968,626.962208302
1731,10968,626.962208302
1732,10968,626.962208302
1733,10969,626.962208302
1734,10969,626.962208302
1735,10969,626.962208302
1736,10969,626.962208302
1737,10969,626.962208302
1738,10969,626.962208302
1739,10969,626.962208302
1740,10970,626.962208302
1741,10971,626.962208302
1742,10972,626.962208302
1743,10972,626.962208302
1744,10973,626.962208302
1745,10973,626.962208302
1746,10973,626.962208302
1747,10974,626.962208302
1748,10975,626.962208302
1749,10975,626.962208302
1750,10975,626.962208302
1751,10975,626.962208302
1752,10975,626.962208302
1753,10975,626.962208302
1754,10976,626.962208302
1755,10976,626.962208302
1756,10976,626.962208302
1757,10976,626.962208302
1758,10976,626.962208302
1759,10976,626.962208302
1760,10976,626.962208302
1761,10976,626.962208302
1762,10976,626.962208302
1763,10976,626.962208302
1764,10976,626.962208302
1765,10976,626.962208302
1766,10976,626.962208302
1767,10976,626.962208302
1768,10976,626.962208302
1769,10976,626.962208302
1770,10976,626.962208302
1771,10976,626.962208302
1772,10976,626.962208302
1773,10976,626.962208302
1774,10976,626.962208302
1775,10976,626.962208302
1776,10976,626.962208302
1777,10976,626.962208302
1778,10977,626.962208302
1778,10978,626.962208302
1779,10979,626.962208302
1780,10979,626.962208302
1781,10979,626.962208302
1782,10979,626.962208302
1783,10980,626.962208302
1784,10981,626.962208302
1785,10981,626.962208302
1786,10982,626.962208302
1787,10982,626.962208302
1788,10983,626.962208302
1789,10984,626.962208302
1790,10985,626.962208302
1791,10986,626.962208302
1792,10986,626.962208302
1793,10986,626.962208302
1794,10986,626.962208302
1795,10987,626.962208302
1796,10988,626.962208302
1797,10989,626.962208302
1798,10989,626.962208302
1799,10990,626.962208302
1800,10991,626.962208302
1801,10992,626.962208302
1802,10993,626.962208302
1803,10994,626.962208302
1804,10995,626.962208302
1805,10995,626.962208302
1806,10995,626.962208302
