GCGTT,61.30660629272461
AAATG,63.6697883605957
GCCCG,70.03825378417969
GCCCA,70.2449951171875
AAATC,60.99418258666992
GCCCC,68.57835388183594
AAATA,64.09601593017578
CCTAT,69.0392837524414
TTAGC,67.1216049194336
GCCCT,69.73847961425781
AAATT,62.58690643310547
GCGTG,63.1369514465332
GCGTA,64.13481903076172
ATATT,64.2598648071289
TCTTT,54.92510223388672
CCTAA,71.0249252319336
TATGC,57.9300537109375
CCTAC,66.87855529785156
CCTAG,71.07369995117188
TGGTG,60.781532287597656
GGACG,66.98030090332031
GGCTG,71.55975341796875
TGGTC,56.24951171875
GGCTA,72.41735076904297
TGGTA,61.47126770019531
GGCTC,69.83906555175781
AGACA,67.70429992675781
GATAG,63.80779266357422
AGACC,64.26394653320312
GTAGA,69.1334457397461
CGCAG,77.33063507080078
CCCCT,72.39201354980469
AGACG,66.75260162353516
GATAA,63.972843170166016
GGCTT,71.11479187011719
GCATT,69.55692291259766
TGGTT,58.652671813964844
CCCCA,72.7006607055664
CCCCC,70.74993133544922
TTACA,65.9150161743164
AGACT,66.18069458007812
CCCCG,72.55619049072266
CGCAT,76.54948425292969
AGCAA,75.65008544921875
TCGCC,67.77371978759766
AGCAC,72.8888931274414
TCGCA,70.02057647705078
GAGAC,69.37866973876953
CCAAT,71.72896575927734
AGCAG,75.85964965820312
GTTTA,51.42192840576172
CCAAA,72.36271667480469
CCAAC,68.02095794677734
TTCAA,68.09156799316406
AGCAT,75.11084747314453
CCAAG,72.86100006103516
TCGGG,69.98123931884766
GCACT,69.23751831054688
GATCC,55.59524917602539
GGTGC,56.76588821411133
GAAAG,72.74272155761719
TCATG,69.02107238769531
GAAAC,69.06228637695312
GAAAA,72.93389892578125
GTCGA,65.15957641601562
AACAG,69.56356811523438
TATAT,64.8683090209961
GACTT,63.99503707885742
GGGAT,75.46858978271484
AACAC,67.22416687011719
AACAA,69.688232421875
TCATT,68.23477935791016
GAAAT,72.15196228027344
TGTTA,51.85179901123047
TGTTC,48.540367126464844
GACTG,64.56871795654297
TATAG,65.73804473876953
AACAT,69.53817749023438
TATAA,66.11157989501953
GACTC,62.96492004394531
TATAC,62.91513442993164
GACTA,65.10401153564453
CTAGC,68.8692626953125
CTAGA,73.12001037597656
CTAGG,71.89128112792969
CCTTT,55.031925201416016
GCACC,67.3785171508789
CCTTC,53.3194465637207
CCTTA,58.66376876831055
CCTTG,58.228450775146484
CTAGT,71.54244232177734
TAATG,65.55033111572266
GTGGG,62.98380661010742
TAATC,63.19740295410156
TGGCC,63.77234649658203
TAATA,66.00296020507812
TGGCA,66.47875213623047
TGGCT,65.93184661865234
TAATT,64.869140625
GCTTG,58.32082748413086
AATGT,59.14955139160156
GCTTC,54.1429557800293
GCTTA,58.6865348815918
CGGCA,65.94571685791016
CACTC,66.11197662353516
CGGCC,63.11884307861328
CACTA,68.759521484375
CACTG,68.01007080078125
CGGCG,65.66059875488281
AATGG,60.120201110839844
GCTTT,55.81391143798828
AATGC,56.49867630004883
AATGA,60.37702178955078
CGGCT,65.60416412353516
CACTT,67.03036499023438
GTGGA,63.648502349853516
GGGCT,68.18241119384766
ACTAT,67.72137451171875
TGACT,66.0704116821289
ATACA,66.18213653564453
ATACC,64.10677337646484
ATACG,66.03639221191406
ACTAC,65.9110107421875
GGGCG,68.06266784667969
ACTAA,69.43267822265625
GGGCA,68.47193145751953
ACTAG,69.82315826416016
GGGCC,65.78298950195312
TTACT,65.37702941894531
TGACG,66.01522827148438
ATACT,65.68550109863281
CGCAA,76.99620056152344
TGACC,63.833187103271484
AGTTT,51.722599029541016
TGAGA,74.63610076904297
GCCGA,73.40953063964844
GCCGC,71.0462417602539
AGGTT,61.62842559814453
GATAC,60.97640609741211
AGTTA,54.157962799072266
AGTTC,50.210121154785156
TGAGC,69.84834289550781
AGTTG,53.36380386352539
AGGTC,59.481719970703125
AGGTA,65.09938049316406
AGGTG,64.27813720703125
CACAT,73.10855102539062
TATCT,59.52883529663086
TAACC,62.34325408935547
TAACA,64.53768157958984
GTGCA,59.627891540527344
GTGCC,57.69164276123047
TCCAA,73.21256256103516
CGATT,65.02912902832031
GTGCG,59.377403259277344
CACAG,73.62063598632812
CACAA,73.49955749511719
AACGC,66.62828826904297
CACAC,70.9925765991211
CGATC,62.94499206542969
CGATA,67.06251525878906
GTGCT,59.14324188232422
CGATG,66.54145812988281
ACATA,70.15960693359375
ACATC,66.9765396118164
ATGAT,65.54768371582031
GCTCC,61.67386245727539
ACATG,69.59452819824219
CTGCT,60.82627868652344
GGCGA,77.400146484375
TCTTC,53.09305191040039
ACCCT,69.8285140991211
ATGAA,67.62867736816406
GCTCT,62.967655181884766
ATGAC,62.288814544677734
ACATT,68.57832336425781
GTGTC,54.884029388427734
ATGAG,66.4847412109375
ACCCC,68.60870361328125
GGTAT,62.6000862121582
ACCCA,70.54853057861328
CTGCG,61.0031623840332
ACCCG,70.09020233154297
CTGCA,61.487754821777344
CTGCC,58.504127502441406
CGTAT,58.16505813598633
GGTGG,59.78914260864258
TTATC,63.08458709716797
GAGGA,71.40462493896484
GGTGA,61.50694274902344
TAGCT,66.56009674072266
ACTTT,54.68212127685547
TCCAT,73.00079345703125
ATGCT,61.76447296142578
GGTGT,58.96500778198242
CGTAG,59.22097396850586
CGTAA,59.81163024902344
CGTAC,56.003639221191406
GCGTC,58.6849250793457
TGAGT,72.70050811767578
ACTTG,57.70457077026367
TAGCG,66.72191619873047
ACTTA,58.24263381958008
TAGCA,67.34991455078125
ACTTC,53.131404876708984
TAGCC,64.56214904785156
TACCG,67.27339172363281
ATCTT,62.70198440551758
GTAAT,69.15937805175781
TGAGG,73.5739517211914
CAACT,63.84055709838867
GTAAG,69.74645233154297
ATCTG,63.84060287475586
GTAAA,69.4732437133789
GTAAC,66.44139099121094
ATCTC,61.967567443847656
TCTTG,57.554447174072266
ATCTA,64.2806167602539
GGCGT,74.58567810058594
CAACG,64.13677215576172
CAACA,64.42198181152344
CAACC,62.150718688964844
TCGCG,69.63514709472656
GGAGC,73.91478729248047
GTATC,62.35027313232422
AGGAG,77.1784439086914
TATGT,60.4493408203125
AGGAA,78.04643249511719
AGGAC,70.94223022460938
ATGTT,55.89784622192383
TCTAC,65.19327545166016
TGGGC,62.669593811035156
TCTAA,68.60928344726562
TGGGA,68.65931701660156
TCTAG,69.0113754272461
TGGGG,67.5870590209961
ATGTC,54.14920425415039
AGGAT,75.4164810180664
ATGTA,58.48130798339844
GAGGT,70.20046997070312
ATGTG,57.859535217285156
GGAGT,76.69651794433594
GCATA,70.74071502685547
GTACC,62.658573150634766
TGGGT,67.06198120117188
CTCAG,72.2093734741211
ACAAC,68.14300537109375
ATTCT,54.33031463623047
ACAAA,72.09017181396484
AAGTC,57.400081634521484
ACAAG,72.69895935058594
TTAGG,69.88847351074219
AAGTG,61.579837799072266
GTTAA,59.16415786743164
GTTAC,56.4265022277832
GGTAG,63.65070343017578
GGAGA,79.04574584960938
AATCT,57.71185302734375
GAGCC,64.355712890625
TTGCG,60.39369583129883
ATTCG,54.99182891845703
TTACG,65.62728881835938
ATTCA,55.096805572509766
TTAGT,69.26923370361328
ATTCC,52.960487365722656
ACAAT,71.79330444335938
AATCC,56.42789077758789
AATCA,58.498321533203125
AATCG,58.38032150268555
GTCGT,64.38819885253906
TGCGT,72.7068862915039
ATTGC,54.307960510253906
TTGGA,64.066650390625
TTGGG,63.26432800292969
GGGGT,71.9170150756836
TGCGG,73.79940032958984
TAGGA,70.41352844238281
TGCGC,71.96610260009766
TGCGA,74.91262817382812
GGGGA,73.60370635986328
GGGGC,69.63921356201172
GGGGG,72.79547882080078
TTGGT,63.546207427978516
CTATG,67.15421295166016
TAGGC,66.20067596435547
TCGCT,69.33612060546875
TAGGG,69.67967987060547
AGATT,65.32743835449219
CCGCT,71.54020690917969
GTGAG,64.44103240966797
TAGGT,69.10680389404297
TCCAG,73.52012634277344
CTATC,64.28523254394531
CCGCG,72.0878677368164
AGATG,66.74799346923828
CCGCA,72.18191528320312
AGATA,67.1385726928711
CCGCC,69.4641342163086
AGATC,63.08720397949219
CTATA,67.55891418457031
GTGGT,63.13738250732422
CGGTT,56.58085250854492
TAAGC,68.12007904052734
TAAGA,71.66352844238281
TAAGG,70.62202453613281
GCTCG,63.574615478515625
TTCGA,67.45402526855469
CGGTG,58.99395751953125
CGGTA,59.61039352416992
TAAGT,70.39318084716797
CGGTC,53.93779754638672
AAGAC,67.89927673339844
TGTTT,49.78261184692383
AAGAA,73.99362182617188
GTCCG,61.04147720336914
AAGAG,73.07609558105469
CGAAC,71.56381225585938
TCACA,68.37252807617188
GCTGC,58.79325866699219
CCCTG,71.1236801147461
CCCTA,71.74867248535156
CCCTC,69.00455474853516
CGAAT,75.85459899902344
TCACC,66.70359802246094
AAGAT,71.03224182128906
CCCTT,69.98371124267578
TCATA,69.35548400878906
GCTGT,62.070770263671875
CTGGA,65.33875274658203
CTGGC,61.39197540283203
TCATC,66.72914123535156
CTGGG,64.45104217529297
ACCGG,73.12557220458984
GGTCC,53.25577926635742
GGTCA,55.46791076660156
ACCGC,71.0054931640625
GGTCG,55.06551742553711
ACCGA,73.39706420898438
CTATT,65.82965850830078
CTGGT,64.33444213867188
TCTAT,66.97345733642578
ACCGT,72.17264556884766
GGTCT,54.56834411621094
TTAGA,69.94068145751953
GTAGG,68.6750259399414
TACAT,72.21404266357422
AAGTA,62.18376922607422
TGTAG,60.58702087402344
CCTGG,63.973175048828125
TGTAC,57.15340805053711
CCTGC,58.65159606933594
TGTAA,61.055419921875
CCTGA,63.818180084228516
GTCCT,61.02811813354492
TACAA,72.32174682617188
TACAG,72.23348236083984
CCTGT,62.38144302368164
CTCAC,69.4728775024414
TTGCA,60.48553466796875
CAAGA,71.58729553222656
GAGCT,66.35176086425781
CAAGC,67.72740936279297
AGTCG,55.253440856933594
TTCAG,68.0125503540039
AGTCA,55.75115203857422
CAAGG,70.57786560058594
AGTCC,53.488075256347656
GCGAG,75.24842071533203
CATAC,63.62209701538086
CATAA,67.18505859375
GCGAC,71.45672607421875
CATAG,67.05620574951172
GCGAA,75.61546325683594
AGTCT,54.95053482055664
TGGAG,72.328857421875
GGACC,65.18538665771484
CAAGT,69.98308563232422
GGACA,68.06112670898438
CGCAC,74.04295349121094
GCGAT,74.30549621582031
CATAT,65.76850128173828
TGAAC,71.66388702392578
GAAGT,71.17733001708984
AACGT,67.59273529052734
TGAAA,76.61831665039062
ATTGT,56.590476989746094
CGAAA,77.0694351196289
GAAGG,71.7225570678711
GAAGA,72.29749298095703
GTTAG,58.7519416809082
GAAGC,69.35247039794922
ATTGA,57.405067443847656
AGAGA,76.32771301269531
AACGG,68.00720977783203
AACGA,68.80814361572266
ATTGG,57.35662078857422
GAGGG,70.45999145507812
ATCCT,63.907047271728516
GAGGC,67.49539947509766
CTCAT,71.57823944091797
GTATT,63.60503387451172
TTGCT,60.24945068359375
ACGAT,73.63043212890625
TGCCT,69.8049087524414
GAGCA,66.7569580078125
ATCCG,64.43358612060547
GTATA,64.5578842163086
CTCAA,71.70671844482422
GTATG,64.3712387084961
ATCCC,62.85394287109375
ATCCA,64.7171630859375
ACGAA,75.41360473632812
AAGTT,59.29922866821289
ACGAC,70.95597076416016
TGCCA,70.12085723876953
TTGCC,58.62556076049805
TGCCG,69.70320129394531
ACGAG,75.07772827148438
TTTCA,54.092979431152344
TACTT,66.38284301757812
GGCAT,77.29627227783203
GTCCA,61.3240852355957
GTCCC,60.038604736328125
GGCAG,77.66124725341797
TACTG,66.91567993164062
GGCAC,75.21752166748047
GGCAA,77.8619613647461
CCGGA,72.12110137939453
CCGGC,67.37324523925781
GTTGC,53.2264289855957
CCGGG,71.41957092285156
AGAGT,74.52543640136719
GAGCG,66.49324798583984
AGCGT,72.63992309570312
GTTAT,57.94096374511719
CCGGT,70.72797393798828
AGCGC,71.63046264648438
CCCGA,75.82835388183594
AGCGA,75.03934478759766
AGCGG,73.83271026611328
TTTCC,52.20762634277344
GATTA,55.84653854370117
GATTC,52.39147186279297
CCCGC,72.66544342041016
GATTG,55.316314697265625
TTCAT,68.18984985351562
CAGGC,65.67569732666016
TTTAC,57.696495056152344
CAGGA,70.57328796386719
TTTAA,60.557701110839844
CAGGG,69.70154571533203
TTTAG,60.145957946777344
CTTCT,53.51359176635742
GATTT,53.84494400024414
CTTCC,52.002685546875
CTTCA,54.349334716796875
TCAGG,72.30449676513672
CTTCG,54.07529067993164
TCAGA,72.65921020507812
TTTAT,59.290287017822266
CAGGT,69.10469055175781
GACAT,69.574462890625
TGAAG,76.55987548828125
CTCTT,65.51590728759766
TTGTT,56.090999603271484
AAAAT,69.23582458496094
GACAA,69.87397003173828
TTGGC,61.058349609375
GACAC,67.80624389648438
GACAG,69.84395599365234
AAAAA,70.24169921875
TTGTG,57.65498733520508
AAAAC,66.12703704833984
CTCTA,67.34644317626953
TTGTC,54.08391189575195
AAAAG,70.22763061523438
TTGTA,58.12713623046875
CATTT,54.68571853637695
GGATT,68.60340118408203
CCTCT,65.00354766845703
CGTTG,50.14568328857422
GCCAT,73.54499816894531
CGTTC,47.3173713684082
CGTTA,50.63646697998047
GTCTT,60.75597381591797
TTACC,63.90544891357422
CCTCC,63.698516845703125
CATTG,56.888084411621094
CCTCA,65.78971862792969
CATTA,57.307655334472656
CCTCG,65.76148223876953
CATTC,52.84074020385742
GGATA,69.8905258178711
CGTTT,48.507080078125
GTCGC,63.89811325073242
TTTTT,50.368709564208984
AGTGA,59.508113861083984
CGCCG,72.0367202758789
AGTGC,55.688072204589844
CGCCA,72.15412902832031
CGCCC,69.89128112792969
AGTGG,58.9666862487793
TCAGT,71.8568115234375
TTTTG,51.9494514465332
TTCGT,66.68923950195312
TTTTA,52.22305679321289
TGTCA,53.02881622314453
CGCCT,71.65865325927734
AGTGT,58.153404235839844
TGTGG,56.41490936279297
ATGGG,64.40290069580078
ATGGC,61.79444885253906
ATGGA,65.28553009033203
CCAGC,70.71479797363281
CCAGA,74.67342376708984
CCAGG,74.27320098876953
GAACT,63.20816421508789
GTCTA,61.73199462890625
ATGGT,64.4240951538086
GTGAA,65.46324157714844
GAACA,63.98929214477539
GAACC,61.507076263427734
GTCTC,60.45808792114258
GAACG,63.727333068847656
CCAGT,73.7376708984375
AACCA,65.12745666503906
AACCC,63.30816650390625
AACCG,64.91759490966797
GTTGG,55.590850830078125
ATCGT,67.16951751708984
GCCGG,72.44647979736328
AACCT,64.49906921386719
ATCGC,66.20797729492188
ATCGA,68.11654663085938
ATCGG,67.39559936523438
GCCTA,69.95624542236328
GCCTC,67.6161117553711
GGGTT,64.516845703125
GTAGC,66.4261474609375
GCCTG,69.4573745727539
CTAAG,73.1707534790039
CTAAA,72.58106231689453
CTAAC,68.7723159790039
GGGTA,66.82456970214844
GTAGT,68.35523223876953
GGGTC,61.74518966674805
GCCTT,68.56267547607422
GGGTG,65.59912109375
CTAAT,72.00253295898438
GCACA,69.55194091796875
GCACG,69.27435302734375
CGCGA,76.64332580566406
TTATT,64.43118286132812
TTATA,65.62696075439453
TCAGC,69.51629638671875
TTATG,65.31342315673828
TGTTG,51.32115173339844
CGCGG,75.25308990478516
ACCTT,67.94239807128906
CAGCT,66.70420837402344
GTCTG,61.196258544921875
ACCTC,67.09298706054688
ACCTA,69.95550537109375
ACCTG,69.12024688720703
CAGCG,66.9539566040039
CAGCC,64.51787567138672
CAGCA,67.13975524902344
ACTGT,61.879669189453125
ATAAC,66.94132232666016
TGAAT,75.25953674316406
ATAAA,70.46907043457031
ATAAG,70.81985473632812
CTGTT,55.75551986694336
CTTGG,57.158164978027344
GAGTC,60.23264694213867
GAGTA,64.43640899658203
CTTGC,54.16008377075195
GAGTG,64.05316162109375
CTTGA,57.38541030883789
CTGTA,58.31785202026367
ACTGG,63.21388244628906
TCACT,67.964599609375
ACTGA,63.148189544677734
ATAAT,70.1499252319336
ACTGC,58.42906188964844
CTTGT,56.35978698730469
TATGA,62.224491119384766
GAGTT,62.33171081542969
TGTCT,52.2361946105957
GCCAC,71.2121810913086
GCCAA,73.44383239746094
GCCAG,73.74720764160156
TTCTG,63.43556594848633
TGGAC,66.6728286743164
CCGTA,62.79023361206055
GATCT,56.96001434326172
GTGAC,60.769264221191406
AGAAT,76.64202117919922
CGCGT,74.06600952148438
TTAAT,69.79086303710938
AGAAG,78.2727279663086
CGCGC,72.84461212158203
GATCG,57.415958404541016
AGAAC,72.65895080566406
GATCA,57.53956604003906
AGAAA,77.84689331054688
ACCAT,73.68453216552734
TTAAC,66.87234497070312
TTAAA,70.09239959716797
CCGTG,61.709163665771484
TTAAG,70.68595123291016
GCGCA,70.36157989501953
CTGAT,64.43767547607422
CCACT,69.67239379882812
TTCCT,63.30810546875
AGCCG,69.44225311279297
ATGCC,60.10411834716797
CAGTT,59.877906799316406
ATGCA,62.25322341918945
AGCCC,68.0130386352539
ATGCG,62.01285934448242
AGCCA,69.72117614746094
TCGAG,73.49085998535156
TTCCC,62.39324188232422
CTGAG,65.83834838867188
TTCCA,64.09381866455078
TTCCG,63.79234313964844
CTGAC,60.99168014526367
CTGAA,67.18053436279297
CCACG,69.94114685058594
CAGTG,62.32296371459961
ACCAG,74.23226165771484
AGCCT,69.32026672363281
CCACC,67.99665069580078
CAGTC,57.862091064453125
CCACA,70.19918823242188
CAGTA,62.6035270690918
TAGAT,70.79933166503906
CTCCC,66.04273223876953
CGTCG,51.666481018066406
CGTCC,49.905799865722656
CGTCA,51.86180114746094
TAGAG,71.95867919921875
CTCTC,64.61747741699219
TAGAA,72.6533203125
TATCC,58.223567962646484
CGTCT,51.208946228027344
CTCCG,67.71260070800781
TATCG,60.12776565551758
TGCTC,67.75236511230469
CTACG,68.13648223876953
TCCTG,68.8855209350586
GCGGT,70.80072784423828
TGGCG,66.2225112915039
GTACA,64.45980834960938
TCCTC,67.20035552978516
GTACG,64.43327331542969
TCCTA,69.60089874267578
TCTCA,63.91222381591797
TGCTG,69.42225646972656
GCGGG,71.29591369628906
TCCTT,67.9656982421875
GCGGA,72.11922454833984
GCGGC,68.07859802246094
CTACC,66.4468765258789
GCAGG,73.87203979492188
ACCAA,73.4306640625
TCGTA,62.79480743408203
CTACA,68.23421478271484
GCAGC,71.2533950805664
AGCTC,67.14212036132812
GCAGA,74.4668197631836
AGCTA,70.04996490478516
ACCAC,71.31501770019531
TGGAT,71.1328353881836
TCTCT,63.2443962097168
AGCTT,68.3642578125
GCAGT,73.5508041381836
TCGTT,59.598594665527344
CCCAG,76.22871398925781
GAGAT,72.52603912353516
ACACG,69.77509307861328
CGGAT,69.83650970458984
ACACA,69.93965148925781
CCCAA,75.30187225341797
CCATT,69.29412841796875
ATATA,65.7254409790039
ATATC,62.66580581665039
CGGAG,72.0368423461914
ACACT,69.51161193847656
GAGAG,73.76336669921875
CCCAT,75.44792938232422
CGGAC,65.67900848388672
CGGAA,73.78341674804688
GTTGT,55.02141571044922
CCATG,70.33838653564453
CCATC,67.7156982421875
GTGGC,60.862823486328125
CCATA,70.99907684326172
ATTTT,50.472042083740234
GGATG,69.27469635009766
TGTGT,55.6364860534668
GAATG,65.402587890625
ACTCT,63.701820373535156
CTACT,67.92533874511719
GAATC,63.144615173339844
GGGAC,70.42961883544922
ATTTA,52.595863342285156
GGGAA,77.89199829101562
ATTTC,49.3424072265625
GGGAG,77.1610107421875
ATTTG,52.26543426513672
GAATT,65.05368041992188
ACTCA,64.54973602294922
TCGAA,73.9508285522461
ACTCC,62.100887298583984
TGTGA,57.320858001708984
TGTGC,53.49789810180664
ACTCG,64.56671905517578
TCTCC,62.14932632446289
TATGG,61.72194290161133
GGCGG,75.65990447998047
CAATT,64.58116149902344
CGAAG,77.18943786621094
GGCGC,73.95429992675781
GATAT,62.750675201416016
CAATA,65.90959167480469
CAATC,63.02437973022461
GTGTG,57.770381927490234
CAATG,65.49580383300781
CACCT,68.84017181396484
TAAAG,70.76510620117188
GATGT,59.2054328918457
TAAAA,71.01775360107422
TAAAC,67.00785827636719
CACCC,68.88194274902344
CACCA,69.09616088867188
CACCG,68.72130584716797
TCGAC,69.95369720458984
TAAAT,70.11116790771484
GATGA,60.85536193847656
GATGC,57.10196304321289
GATGG,60.192962646484375
AACTT,63.358219146728516
AAGCG,66.61293029785156
GCTGA,63.45106887817383
AAGCA,66.95401763916016
AAGCC,64.21310424804688
GCTAG,68.76341247558594
GCTAA,68.83695220947266
GCTAC,65.5249252319336
AAGCT,66.10224914550781
AACTG,64.20128631591797
AACTA,65.00826263427734
AACTC,62.82545852661133
GCTAT,67.57405853271484
GTGTA,58.19452667236328
TATCA,60.17717742919922
TTCGG,66.82268524169922
GTTCG,52.482452392578125
TTCGC,65.88981628417969
CGTGT,54.28215789794922
GAATA,65.94120788574219
TGACA,66.51952362060547
CGTGC,51.908748626708984
CGTGA,55.74993133544922
CGTGG,55.01679992675781
GTTCC,50.833744049072266
AGCTG,69.24346923828125
GTGAT,63.55266189575195
TACGT,69.78612518310547
TGTCC,50.97760009765625
TGTCG,52.62812042236328
AGTAT,61.95170211791992
CCGTT,59.16498565673828
CAAAT,69.37976837158203
TACGG,70.6515121459961
TACGA,71.56751251220703
TACGC,68.84587860107422
CAAAC,66.21146392822266
AGTAG,62.640010833740234
CAAAA,70.75845336914062
CCGTC,56.74644470214844
CAAAG,70.382568359375
AGTAC,59.28400421142578
AGTAA,63.19926452636719
AGGCC,66.77237701416016
AGGCA,70.56040954589844
TAGAC,67.61966705322266
AGGCG,69.93824768066406
TCTGT,61.59395217895508
GCGCG,70.16180419921875
GGAAA,80.96175384521484
GGAAC,76.02613830566406
CATGG,62.2204704284668
CATGA,62.60979080200195
GGAAG,80.78971862792969
CATGC,57.79891586303711
TCTGA,62.91276168823242
GTTTC,48.83985137939453
TCTGC,58.1580810546875
GCGCT,69.9703140258789
TCTGG,62.9520149230957
AGGCT,69.83480072021484
CATGT,60.72721481323242
GGAAT,79.80355072021484
GTTCT,51.964500427246094
TTTTC,49.111934661865234
CTTTT,50.19137954711914
ATTAT,60.09371566772461
ACAGA,73.67872619628906
ACAGC,70.2019271850586
GGAGG,77.57064819335938
ACAGG,73.37979125976562
ATTAC,58.42200469970703
CTTTC,48.96158218383789
ATTAA,61.26319885253906
CTTTA,52.22405242919922
ATTAG,61.14967727661133
CTTTG,51.80210876464844
GTTCA,52.58582305908203
GGTTC,51.124267578125
ACAGT,72.96444702148438
CTCGT,70.06253051757812
AATAA,64.39675903320312
AATAC,61.04008865356445
TTGAT,63.66911697387695
AATAG,64.0709457397461
TCCCG,69.8646011352539
ACGGT,70.21007537841797
TCCCC,68.41793060302734
TCCCA,69.99427795410156
ACGGC,67.15727233886719
ACGGA,71.30923461914062
CTCGG,70.94770812988281
AATAT,63.03349685668945
CTCGA,71.65695190429688
TTGAG,64.72472381591797
CTCGC,69.19691467285156
TCCCT,69.37005615234375
GTCAG,65.5682144165039
TACTC,65.30020141601562
GGCCT,71.01129150390625
GTCAA,65.92141723632812
TGATA,66.74415588378906
TGATC,63.06488800048828
TGATG,66.38310241699219
CCGAT,74.63157653808594
GGCCA,71.43266296386719
GGCCC,69.25849151611328
GGCCG,71.23161315917969
CCGAC,71.33271026611328
TTTCT,53.38105010986328
CCGAA,76.3268051147461
CCGAG,75.82816314697266
TGATT,65.51764678955078
TTGAA,66.07360076904297
GTTTT,49.981239318847656
TCGGT,69.44158935546875
TAACT,64.02875518798828
TTGAC,61.00460433959961
GCCGT,72.23291778564453
GTTTG,51.03806686401367
GTACT,63.864505767822266
GTCGG,64.25443267822266
ACGGG,70.64136505126953
TCGGC,66.59088134765625
TCGGA,70.73373413085938
CGACC,64.88748168945312
CGACA,67.76689910888672
CGACG,67.40326690673828
TAACG,64.29507446289062
AAGGA,69.86673736572266
CTTAT,60.23991394042969
AAGGC,65.82129669189453
TTTGG,56.80598831176758
TTTGA,56.96561813354492
AAGGG,68.76048278808594
TTTGC,53.944698333740234
CGACT,67.0484848022461
TTTGT,55.918914794921875
CTTAG,61.245174407958984
CTTAA,61.4887809753418
AAGGT,68.71589660644531
CTTAC,58.074344635009766
AATTC,51.680484771728516
CGAGG,73.96907806396484
AATTA,55.56731414794922
AATTG,55.079856872558594
TACTA,67.45771026611328
AAAGT,68.74951934814453
GACGC,67.27754211425781
GACGA,68.97039031982422
GACGG,67.86383819580078
GGTTA,54.68904113769531
AAAGC,66.64749908447266
GGTAA,63.77558898925781
AAAGA,70.5991439819336
GGTAC,60.234535217285156
AAAGG,69.50923919677734
AATTT,53.008182525634766
GGTTG,53.864864349365234
TCTCG,63.964637756347656
GACGT,67.26506042480469
ACGCG,71.33517456054688
TGCAA,75.91292572021484
TGCAC,73.15396881103516
ACGCC,69.18230438232422
CGAGA,74.83892822265625
ACGCA,71.44984436035156
TGCAG,75.94190979003906
TAGTA,63.5352897644043
TCGTG,61.83702087402344
TAGTC,59.13688659667969
TACCT,67.04845428466797
TAGTG,63.223670959472656
TGGAA,73.56254577636719
GCATC,67.79087829589844
ACGCT,70.97726440429688
TGCAT,75.10774230957031
GCATG,70.24002838134766
TACCA,67.54188537597656
TACCC,65.8399429321289
TAGTT,60.934505462646484
GTCAC,64.4624252319336
CCCGT,74.21809387207031
AGAGG,75.45530700683594
AGGGT,71.5950927734375
CATCT,60.620933532714844
AGAGC,70.58805084228516
GCTGG,63.27527618408203
CTCTG,66.58551025390625
AGGGG,72.29444122314453
CATCA,61.392677307128906
CCCGG,75.1011962890625
CATCC,59.23603820800781
AGGGC,66.84364318847656
AGGGA,72.96569061279297
CATCG,61.30778884887695
CACGG,72.01309204101562
CACGC,69.91803741455078
CACGA,72.84999084472656
CACGT,71.21012878417969
TCGTC,57.243743896484375
GTGTT,56.66386032104492
TCCAC,70.73918914794922
TCCGT,71.7021255493164
TACAC,70.16593933105469
ATCAT,68.71367645263672
TTCTC,62.04300308227539
CTGTC,53.76314163208008
TTCTA,63.76824951171875
CTCCT,67.51634216308594
GTCAT,65.712890625
CTGTG,57.65815353393555
TCCGC,70.5337905883789
TCCGA,73.07560729980469
TCCGG,72.6734619140625
CTCCA,67.80827331542969
ATCAG,68.72824096679688
ATCAA,68.64109802246094
TTCTT,62.49858474731445
ATCAC,66.58553314208984
AAACG,62.82115936279297
ACGTG,61.18262481689453
TGCTA,70.40638732910156
AAACC,60.74806213378906
ACGTC,56.618202209472656
AAACA,63.033538818359375
ACGTA,62.47185134887695
GCAAT,72.52435302734375
GTTGA,55.96940231323242
ACGTT,59.19692611694336
AAACT,62.478721618652344
TTCAC,66.21561431884766
TGCTT,68.71798706054688
GGATC,66.11135864257812
CCCAC,72.66954803466797
GCAAG,73.09461212158203
GCAAA,73.01112365722656
GCAAC,69.23819732666016
TGTAT,59.50890350341797
ACACC,67.71814727783203
GCTCA,63.5740852355957
GCGCC,68.34766387939453
TCGAT,72.36447143554688
TCTTA,58.10514831542969
TGCCC,68.25083923339844
ATATG,65.2779312133789
CGGGG,66.45938873291016
CGAGT,72.89576721191406
CGGGA,67.33513641357422
CAGAT,70.77005767822266
CGGGC,60.87736129760742
GGTTT,52.89033508300781
CGCTA,71.41322326660156
CGCTC,68.16476440429688
TCAAT,70.32649993896484
CGCTG,70.56103515625
CAGAA,73.20758056640625
CGGGT,65.95072937011719
CAGAC,67.14735412597656
GGACT,67.13526916503906
CGAGC,69.8341293334961
CAGAG,72.0965805053711
TTTCG,53.950931549072266
TCAAC,67.01485443115234
TCAAA,70.68413543701172
CGCTT,69.33756256103516
TCAAG,71.19226837158203
ATAGG,70.03041076660156
ATAGA,70.2599105834961
TATTT,54.7226448059082
ATAGC,67.1520767211914
GACCT,64.81935119628906
ATAGT,69.3897705078125
TATTC,53.04020309448242
TATTA,57.084014892578125
TATTG,56.598758697509766
GACCG,64.05357360839844
GAGAA,74.36449432373047
TCACG,68.14237976074219
GACCC,62.760467529296875
GACCA,64.38934326171875
